GameUID,PitchNo,PitchUID,PlayID,Date,Time,UTCDate,UTCTime,LocalDateTime,UTCDateTime,PitcherTeam,BatterTeam,PitchCall,PlayResult,DetectedShift,1B_PositionAtReleaseX,1B_PositionAtReleaseZ,2B_PositionAtReleaseX,2B_PositionAtReleaseZ,3B_PositionAtReleaseX,3B_PositionAtReleaseZ,SS_PositionAtReleaseX,SS_PositionAtReleaseZ,LF_PositionAtReleaseX,LF_PositionAtReleaseZ,CF_PositionAtReleaseX,CF_PositionAtReleaseZ,RF_PositionAtReleaseX,RF_PositionAtReleaseZ,1B_Name,1B_Id,2B_Name,2B_Id,3B_Name,3B_Id,SS_Name,SS_Id,LF_Name,LF_Id,CF_Name,CF_Id,RF_Name,RF_Id,FHC
148c6cb5-dbae-48e3-ade8-8ce29ce3e959,1,68326c00-3694-11f0-8588-19e3553c12b0,28b8f609-2e09-407c-a86a-8df9ea8b4edb,2025-05-21,18:39:07.10,2025-05-21,22:39:07.10,2025-05-21T18:39:07.1060992-04:00,2025-05-21T22:39:07.1060992Z,YOR,SMD,FoulBallNotFieldable,Undefined,NoShift,88.59256,54.26728,149.95188,29.15076,75.67935,-56.53701,139.94602,-48.12873,245.14648,-127.0039,307.6392,6.89505,249.12588,119.10659,"Tostado, Frankie",676762,"Miller, Jalen",663692,"Lewis, Brandon",686781,"Wehler, Jeffrey",694292,"Costes, Marty",664753,"Soularie, Alerick",669442,"Alleyne, Bubba",804588,true
148c6cb5-dbae-48e3-ade8-8ce29ce3e959,2,729c7000-3694-11f0-8588-19e3553c12b0,405ddaee-3eac-47cf-9795-12b5f9c8a958,2025-05-21,18:39:24.54,2025-05-21,22:39:24.54,2025-05-21T18:39:24.5401088-04:00,2025-05-21T22:39:24.5401088Z,YOR,SMD,StrikeSwinging,Undefined,NoShift,89.58522,55.34261,149.93276,29.55121,83.73733,-63.3281,138.75939,-47.25966,242.4594,-126.69988,306.7318,5.16441,249.41855,121.0449,"Tostado, Frankie",676762,"Miller, Jalen",663692,"Lewis, Brandon",686781,"Wehler, Jeffrey",694292,"Costes, Marty",664753,"Soularie, Alerick",669442,"Alleyne, Bubba",804588,true
148c6cb5-dbae-48e3-ade8-8ce29ce3e959,3,7f9646a0-3694-11f0-8588-19e3553c12b0,9fa3fbdb-fa8c-4b84-85dc-24c586976ecb,2025-05-21,18:39:46.33,2025-05-21,22:39:46.33,2025-05-21T18:39:46.3358464-04:00,2025-05-21T22:39:46.3358464Z,YOR,SMD,FoulBallNotFieldable,Undefined,NoShift,90.40251,55.13092,149.88529,29.86691,90.54879,-69.42412,138.4974,-46.92276,242.69983,-125.6715,311.23556,5.13663,249.96604,119.8366,"Tostado, Frankie",676762,"Miller, Jalen",663692,"Lewis, Brandon",686781,"Wehler, Jeffrey",694292,"Costes, Marty",664753,"Soularie, Alerick",669442,"Alleyne, Bubba",804588,true
148c6cb5-dbae-48e3-ade8-8ce29ce3e959,4,8b45c2f0-3694-11f0-8588-19e3553c12b0,54ad742b-a480-4105-8788-637ff2b5cb35,2025-05-21,18:40:05.87,2025-05-21,22:40:05.87,2025-05-21T18:40:05.8703360-04:00,2025-05-21T22:40:05.8703360Z,YOR,SMD,BallCalled,Undefined,NoShift,89.19928,56.83892,150.09973,29.11343,91.58676,-69.62278,138.63512,-47.41613,242.30705,-125.1854,308.9507,13.02674,244.72448,125.24613,"Tostado, Frankie",676762,"Miller, Jalen",663692,"Lewis, Brandon",686781,"Wehler, Jeffrey",694292,"Costes, Marty",664753,"Soularie, Alerick",669442,"Alleyne, Bubba",804588,true
148c6cb5-dbae-48e3-ade8-8ce29ce3e959,5,94779510-3694-11f0-8588-19e3553c12b0,031e1acd-3576-4318-8958-5c086b68b73f,2025-05-21,18:40:21.31,2025-05-21,22:40:21.31,2025-05-21T18:40:21.3138944-04:00,2025-05-21T22:40:21.3138944Z,YOR,SMD,BallCalled,Undefined,NoShift,90.60931,56.51183,150.21105,29.26837,91.25193,-69.66377,138.55685,-47.55408,242.27986,-124.41824,310.92947,13.41878,246.58695,122.42011,"Tostado, Frankie",676762,"Miller, Jalen",663692,"Lewis, Brandon",686781,"Wehler, Jeffrey",694292,"Costes, Marty",664753,"Soularie, Alerick",669442,"Alleyne, Bubba",804588,true
148c6cb5-dbae-48e3-ade8-8ce29ce3e959,6,9eb92980-3694-11f0-8588-19e3553c12b0,5536fbdf-7f5e-4b26-b6f6-1855dc6b13b3,2025-05-21,18:40:38.56,2025-05-21,22:40:38.56,2025-05-21T18:40:38.5662464-04:00,2025-05-21T22:40:38.5662464Z,YOR,SMD,FoulBallNotFieldable,Undefined,NoShift,90.85361,57.47989,150.40322,28.79519,91.54628,-69.74922,138.58927,-47.0915,241.75026,-124.28624,310.80701,14.0323,244.52986,121.84035,"Tostado, Frankie",676762,"Miller, Jalen",663692,"Lewis, Brandon",686781,"Wehler, Jeffrey",694292,"Costes, Marty",664753,"Soularie, Alerick",669442,"Alleyne, Bubba",804588,true
148c6cb5-dbae-48e3-ade8-8ce29ce3e959,7,ab44adf0-3694-11f0-8588-19e3553c12b0,10deb90e-e634-4b55-8e64-d98faadf5f75,2025-05-21,18:40:59.58,2025-05-21,22:40:59.58,2025-05-21T18:40:59.5817984-04:00,2025-05-21T22:40:59.5817984Z,YOR,SMD,InPlay,Out,NoShift,92.87766,56.88968,150.1481,28.67962,91.42535,-69.66784,137.35074,-46.53719,237.04823,-125.18897,312.10948,13.0762,244.7996,122.10886,"Tostado, Frankie",676762,"Miller, Jalen",663692,"Lewis, Brandon",686781,"Wehler, Jeffrey",694292,"Costes, Marty",664753,"Soularie, Alerick",669442,"Alleyne, Bubba",804588,true
148c6cb5-dbae-48e3-ade8-8ce29ce3e959,8,bd1ab830-3694-11f0-8588-19e3553c12b0,bb3cbf4c-218f-4b8e-9e5b-0732a4ce99df,2025-05-21,18:41:29.52,2025-05-21,22:41:29.52,2025-05-21T18:41:29.5225344-04:00,2025-05-21T22:41:29.5225344Z,YOR,SMD,BallCalled,Undefined,NoShift,93.35003,73.85795,146.90923,39.32688,73.86493,-49.16222,149.57836,-27.09243,236.78686,-129.86021,307.95076,4.67561,259.32016,116.12963,"Tostado, Frankie",676762,"Miller, Jalen",663692,"Lewis, Brandon",686781,"Wehler, Jeffrey",694292,"Costes, Marty",664753,"Soularie, Alerick",669442,"Alleyne, Bubba",804588,true
148c6cb5-dbae-48e3-ade8-8ce29ce3e959,9,c66bf930-3694-11f0-8588-19e3553c12b0,59846044-a88d-4114-a788-ad3f287930b6,2025-05-21,18:41:45.15,2025-05-21,22:41:45.15,2025-05-21T18:41:45.1517440-04:00,2025-05-21T22:41:45.1517440Z,YOR,SMD,InPlay,Out,NoShift,93.66169,73.14008,147.06347,39.11655,74.49124,-49.59876,148.79218,-27.2033,240.64868,-132.50602,307.82544,4.47107,252.39599,113.93482,"Tostado, Frankie",676762,"Miller, Jalen",663692,"Lewis, Brandon",686781,"Wehler, Jeffrey",694292,"Costes, Marty",664753,"Soularie, Alerick",669442,"Alleyne, Bubba",804588,true
148c6cb5-dbae-48e3-ade8-8ce29ce3e959,10,dcd6cdd0-3694-11f0-8588-19e3553c12b0,87315be7-04a1-41e9-ab13-551cdb2284c3,2025-05-21,18:42:22.80,2025-05-21,22:42:22.80,2025-05-21T18:42:22.8093440-04:00,2025-05-21T22:42:22.8093440Z,YOR,SMD,BallCalled,Undefined,NoShift,91.28533,55.28664,151.09149,26.88222,95.2785,-73.10078,135.61326,-54.64266,240.33858,-130.51349,310.46428,-2.32301,252.80296,120.20635,"Tostado, Frankie",676762,"Miller, Jalen",663692,"Lewis, Brandon",686781,"Wehler, Jeffrey",694292,"Costes, Marty",664753,"Soularie, Alerick",669442,"Alleyne, Bubba",804588,true
148c6cb5-dbae-48e3-ade8-8ce29ce3e959,11,e62353e0-3694-11f0-8588-19e3553c12b0,644f74e4-b80c-4982-83dd-de1c9d3d679a,2025-05-21,18:42:38.34,2025-05-21,22:42:38.34,2025-05-21T18:42:38.3450112-04:00,2025-05-21T22:42:38.3450112Z,YOR,SMD,StrikeCalled,Undefined,NoShift,91.55489,55.37104,150.24544,27.1663,94.75171,-72.98143,135.85589,-54.87941,240.50693,-130.37257,311.65903,-2.39168,252.83212,121.22587,"Tostado, Frankie",676762,"Miller, Jalen",663692,"Lewis, Brandon",686781,"Wehler, Jeffrey",694292,"Costes, Marty",664753,"Soularie, Alerick",669442,"Alleyne, Bubba",804588,true
148c6cb5-dbae-48e3-ade8-8ce29ce3e959,12,eec457b0-3694-11f0-8588-19e3553c12b0,0d566976-8632-4810-983f-19427568c6f2,2025-05-21,18:42:52.81,2025-05-21,22:42:52.81,2025-05-21T18:42:52.8115200-04:00,2025-05-21T22:42:52.8115200Z,YOR,SMD,FoulBallNotFieldable,Undefined,NoShift,91.37302,55.30748,150.89635,27.42996,94.06939,-72.81399,135.65379,-54.88519,240.33324,-130.69734,315.03056,3.74445,251.63201,120.73352,"Tostado, Frankie",676762,"Miller, Jalen",663692,"Lewis, Brandon",686781,"Wehler, Jeffrey",694292,"Costes, Marty",664753,"Soularie, Alerick",669442,"Alleyne, Bubba",804588,true
148c6cb5-dbae-48e3-ade8-8ce29ce3e959,13,fac04650-3694-11f0-8588-19e3553c12b0,9f68f656-9795-47cf-8edb-7eded3643bf6,2025-05-21,18:43:12.94,2025-05-21,22:43:12.94,2025-05-21T18:43:12.9459200-04:00,2025-05-21T22:43:12.9459200Z,YOR,SMD,FoulBallNotFieldable,Undefined,NoShift,91.18725,55.26954,150.70525,27.74326,95.11815,-73.04262,137.74602,-51.28149,239.9188,-130.24195,314.84617,3.68233,249.24931,123.91135,"Tostado, Frankie",676762,"Miller, Jalen",663692,"Lewis, Brandon",686781,"Wehler, Jeffrey",694292,"Costes, Marty",664753,"Soularie, Alerick",669442,"Alleyne, Bubba",804588,true
148c6cb5-dbae-48e3-ade8-8ce29ce3e959,14,096d2420-3695-11f0-8588-19e3553c12b0,0433e2ac-bfb6-45f6-b1f2-2c4db13a7b1d,2025-05-21,18:43:37.60,2025-05-21,22:43:37.60,2025-05-21T18:43:37.6055296-04:00,2025-05-21T22:43:37.6055296Z,YOR,SMD,FoulBallNotFieldable,Undefined,NoShift,91.25519,55.2996,150.46727,29.12313,95.38579,-73.59811,137.46316,-50.58152,240.3863,-128.98728,316.30582,2.467,250.24509,123.41826,"Tostado, Frankie",676762,"Miller, Jalen",663692,"Lewis, Brandon",686781,"Wehler, Jeffrey",694292,"Costes, Marty",664753,"Soularie, Alerick",669442,"Alleyne, Bubba",804588,true
148c6cb5-dbae-48e3-ade8-8ce29ce3e959,15,17d9ebb0-3695-11f0-8588-19e3553c12b0,c0bf2eb1-4d7b-42cf-8f77-f2baf33acbec,2025-05-21,18:44:01.80,2025-05-21,22:44:01.80,2025-05-21T18:44:01.8063872-04:00,2025-05-21T22:44:01.8063872Z,YOR,SMD,InPlay,Out,NoShift,91.27153,55.31671,150.10274,27.9142,94.65559,-72.85443,138.19537,-50.85083,240.85048,-129.13993,313.34309,4.08832,246.14975,130.66389,"Tostado, Frankie",676762,"Miller, Jalen",663692,"Lewis, Brandon",686781,"Wehler, Jeffrey",694292,"Costes, Marty",664753,"Soularie, Alerick",669442,"Alleyne, Bubba",804588,true
148c6cb5-dbae-48e3-ade8-8ce29ce3e959,16,7a1ec7f0-3695-11f0-8588-19e3553c12b0,6479eaa2-9c44-4c0c-9aec-f4cf02b3a933,2025-05-21,18:46:46.67,2025-05-21,22:46:46.67,2025-05-21T18:46:46.6756608-04:00,2025-05-21T22:46:46.6756608Z,SMD,YOR,InPlay,Out,NoShift,96.29406,56.84978,146.7253,29.55239,73.0363,-52.52237,138.01842,-38.15512,249.30812,-106.18541,314.24747,12.93573,251.50932,131.5595,"Barrera, Brett",686941,"Taylor, John",10923412,"Loftin, Jackson",699816,"Dexter, Sam",670448,"De Aza, Alejandro",457477,"DiGiacomo, Giovanni",681029,"Wilson, Ethan",681159,true
148c6cb5-dbae-48e3-ade8-8ce29ce3e959,17,935abdf0-3695-11f0-8588-19e3553c12b0,82ce94f1-5076-4a01-bc62-89030a07a3c9,2025-05-21,18:47:28.96,2025-05-21,22:47:28.96,2025-05-21T18:47:28.9664512-04:00,2025-05-21T22:47:28.9664512Z,SMD,YOR,BallCalled,Undefined,NoShift,93.9341,56.20166,148.10567,26.35421,93.77835,-72.59535,134.95011,-43.54461,252.15624,-103.35697,309.77518,8.58932,255.29774,133.12083,"Barrera, Brett",686941,"Taylor, John",10923412,"Loftin, Jackson",699816,"Dexter, Sam",670448,"De Aza, Alejandro",457477,"DiGiacomo, Giovanni",681029,"Wilson, Ethan",681159,true
148c6cb5-dbae-48e3-ade8-8ce29ce3e959,18,9d605ad0-3695-11f0-8588-19e3553c12b0,2ec2e583-08db-462b-afd3-f9f5be294e62,2025-05-21,18:47:45.81,2025-05-21,22:47:45.81,2025-05-21T18:47:45.8183680-04:00,2025-05-21T22:47:45.8183680Z,SMD,YOR,BallCalled,Undefined,NoShift,94.26817,57.11005,148.82628,26.55978,94.42213,-72.84993,136.16684,-42.47121,253.92102,-104.06466,309.55981,10.38492,256.20317,132.94908,"Barrera, Brett",686941,"Taylor, John",10923412,"Loftin, Jackson",699816,"Dexter, Sam",670448,"De Aza, Alejandro",457477,"DiGiacomo, Giovanni",681029,"Wilson, Ethan",681159,true
148c6cb5-dbae-48e3-ade8-8ce29ce3e959,19,aed33670-3695-11f0-8588-19e3553c12b0,7cf638c2-ea95-4883-9611-bf65cb89b6ed,2025-05-21,18:48:15.06,2025-05-21,22:48:15.06,2025-05-21T18:48:15.0678016-04:00,2025-05-21T22:48:15.0678016Z,SMD,YOR,StrikeCalled,Undefined,NoShift,96.90619,57.56287,147.76009,27.38169,95.33177,-73.49153,135.3165,-42.73375,252.01839,-104.44115,306.13435,11.42027,256.85245,133.60078,"Barrera, Brett",686941,"Taylor, John",10923412,"Loftin, Jackson",699816,"Dexter, Sam",670448,"De Aza, Alejandro",457477,"DiGiacomo, Giovanni",681029,"Wilson, Ethan",681159,true
148c6cb5-dbae-48e3-ade8-8ce29ce3e959,20,b848c850-3695-11f0-8588-19e3553c12b0,1daea8d9-59f1-4a6a-b2fe-31880b4408f8,2025-05-21,18:48:30.96,2025-05-21,22:48:30.96,2025-05-21T18:48:30.9634560-04:00,2025-05-21T22:48:30.9634560Z,SMD,YOR,BallCalled,Undefined,NoShift,95.23409,58.00288,147.91824,28.00791,94.2894,-73.1553,132.42404,-43.31252,251.68031,-105.92983,310.88639,11.1087,255.81936,134.79541,"Barrera, Brett",686941,"Taylor, John",10923412,"Loftin, Jackson",699816,"Dexter, Sam",670448,"De Aza, Alejandro",457477,"DiGiacomo, Giovanni",681029,"Wilson, Ethan",681159,true
148c6cb5-dbae-48e3-ade8-8ce29ce3e959,21,c3875a60-3695-11f0-8588-19e3553c12b0,dfd0ab79-b516-460c-94e9-ac111feac6e1,2025-05-21,18:48:49.83,2025-05-21,22:48:49.83,2025-05-21T18:48:49.8397184-04:00,2025-05-21T22:48:49.8397184Z,SMD,YOR,InPlay,Out,NoShift,94.82497,58.90633,147.59403,28.72545,93.54719,-73.2762,133.18339,-44.20847,250.64533,-105.03527,314.11019,12.70387,254.20016,134.31172,"Barrera, Brett",686941,"Taylor, John",10923412,"Loftin, Jackson",699816,"Dexter, Sam",670448,"De Aza, Alejandro",457477,"DiGiacomo, Giovanni",681029,"Wilson, Ethan",681159,true
148c6cb5-dbae-48e3-ade8-8ce29ce3e959,22,d8744190-3695-11f0-8588-19e3553c12b0,eabbd69f-b586-45c3-9df8-0dea8073cc76,2025-05-21,18:49:24.89,2025-05-21,22:49:24.89,2025-05-21T18:49:24.8952320-04:00,2025-05-21T22:49:24.8952320Z,SMD,YOR,BallCalled,Undefined,NoShift,100.0693,75.74539,138.41676,51.5584,105.81648,-61.63963,147.83998,-13.43401,246.37395,-105.89402,311.16602,13.32279,243.08892,147.51446,"Barrera, Brett",686941,"Taylor, John",10923412,"Loftin, Jackson",699816,"Dexter, Sam",670448,"De Aza, Alejandro",457477,"DiGiacomo, Giovanni",681029,"Wilson, Ethan",681159,true
148c6cb5-dbae-48e3-ade8-8ce29ce3e959,23,e340ff00-3695-11f0-8588-19e3553c12b0,b116afe0-0172-4900-a67f-b1fbd1d50695,2025-05-21,18:49:43.08,2025-05-21,22:49:43.08,2025-05-21T18:49:43.0874624-04:00,2025-05-21T22:49:43.0874624Z,SMD,YOR,BallCalled,Undefined,NoShift,99.57053,76.05162,137.83019,51.89519,108.07041,-62.99953,147.69601,-12.30159,246.83486,-104.92309,312.15004,18.91112,244.73577,146.5382,"Barrera, Brett",686941,"Taylor, John",10923412,"Loftin, Jackson",699816,"Dexter, Sam",670448,"De Aza, Alejandro",457477,"DiGiacomo, Giovanni",681029,"Wilson, Ethan",681159,true
148c6cb5-dbae-48e3-ade8-8ce29ce3e959,24,ed8579a0-3695-11f0-8588-19e3553c12b0,c578845e-afd9-4156-906c-e60cd0d7eca8,2025-05-21,18:50:00.26,2025-05-21,22:50:00.26,2025-05-21T18:50:00.2604032-04:00,2025-05-21T22:50:00.2604032Z,SMD,YOR,StrikeSwinging,Undefined,NoShift,98.04996,75.85774,136.8965,51.84491,108.54312,-63.31947,153.01635,-12.01636,246.7908,-104.56731,308.73037,18.75507,247.85509,149.0559,"Barrera, Brett",686941,"Taylor, John",10923412,"Loftin, Jackson",699816,"Dexter, Sam",670448,"De Aza, Alejandro",457477,"DiGiacomo, Giovanni",681029,"Wilson, Ethan",681159,true
148c6cb5-dbae-48e3-ade8-8ce29ce3e959,25,f6dcae10-3695-11f0-8588-19e3553c12b0,830634cb-84d4-4a3e-a6d4-1f98ddb4e7c7,2025-05-21,18:50:15.92,2025-05-21,22:50:15.92,2025-05-21T18:50:15.9265280-04:00,2025-05-21T22:50:15.9265280Z,SMD,YOR,StrikeSwinging,Undefined,NoShift,98.85762,75.87595,137.90858,51.19362,109.7681,-62.97419,147.48356,-13.63843,245.72889,-103.59993,310.05987,20.37482,245.53151,149.64149,"Barrera, Brett",686941,"Taylor, John",10923412,"Loftin, Jackson",699816,"Dexter, Sam",670448,"De Aza, Alejandro",457477,"DiGiacomo, Giovanni",681029,"Wilson, Ethan",681159,true
148c6cb5-dbae-48e3-ade8-8ce29ce3e959,26,09364030-3696-11f0-8588-19e3553c12b0,920ceac2-6a96-40b4-b71e-44fe0c2ab14a,2025-05-21,18:50:46.74,2025-05-21,22:50:46.74,2025-05-21T18:50:46.7414016-04:00,2025-05-21T22:50:46.7414016Z,SMD,YOR,BallCalled,Undefined,NoShift,98.42565,75.8136,137.77056,52.31958,109.90279,-63.41739,146.18974,-13.07522,248.00098,-104.13234,310.74378,20.61998,243.41177,146.92227,"Barrera, Brett",686941,"Taylor, John",10923412,"Loftin, Jackson",699816,"Dexter, Sam",670448,"De Aza, Alejandro",457477,"DiGiacomo, Giovanni",681029,"Wilson, Ethan",681159,true
148c6cb5-dbae-48e3-ade8-8ce29ce3e959,27,16f3dc00-3696-11f0-8588-19e3553c12b0,545ad30b-bd5b-4581-be8f-606d10d85e81,2025-05-21,18:51:09.77,2025-05-21,22:51:09.77,2025-05-21T18:51:09.7784320-04:00,2025-05-21T22:51:09.7784320Z,SMD,YOR,FoulBallNotFieldable,Undefined,NoShift,97.50846,75.6137,137.00155,52.15879,109.09666,-62.8524,143.30837,-19.19733,242.11719,-108.63292,308.01352,20.91423,251.22029,149.87312,"Barrera, Brett",686941,"Taylor, John",10923412,"Loftin, Jackson",699816,"Dexter, Sam",670448,"De Aza, Alejandro",457477,"DiGiacomo, Giovanni",681029,"Wilson, Ethan",681159,true
148c6cb5-dbae-48e3-ade8-8ce29ce3e959,28,258a72b0-3696-11f0-8588-19e3553c12b0,5f24b9f6-c479-412c-9831-a08bb872f5ce,2025-05-21,18:51:34.24,2025-05-21,22:51:34.24,2025-05-21T18:51:34.2436864-04:00,2025-05-21T22:51:34.2436864Z,SMD,YOR,FoulBallNotFieldable,Undefined,NoShift,98.891,75.46167,139.33968,47.90776,103.26096,-66.21939,141.89608,-21.52383,242.43969,-106.00666,308.50461,19.0112,251.60255,148.37245,"Barrera, Brett",686941,"Taylor, John",10923412,"Loftin, Jackson",699816,"Dexter, Sam",670448,"De Aza, Alejandro",457477,"DiGiacomo, Giovanni",681029,"Wilson, Ethan",681159,true
148c6cb5-dbae-48e3-ade8-8ce29ce3e959,29,3651cc10-3696-11f0-8588-19e3553c12b0,18b1b9a0-146b-4387-a18a-c5568823e1b5,2025-05-21,18:52:02.42,2025-05-21,22:52:02.42,2025-05-21T18:52:02.4274432-04:00,2025-05-21T22:52:02.4274432Z,SMD,YOR,InPlay,Out,NoShift,97.121,74.08214,138.27818,48.77579,99.89335,-71.23855,143.125,-20.65427,244.81478,-105.773,308.1841,19.93593,251.14694,148.50867,"Barrera, Brett",686941,"Taylor, John",10923412,"Loftin, Jackson",699816,"Dexter, Sam",670448,"De Aza, Alejandro",457477,"DiGiacomo, Giovanni",681029,"Wilson, Ethan",681159,true
148c6cb5-dbae-48e3-ade8-8ce29ce3e959,30,8df1e540-3696-11f0-8588-19e3553c12b0,9462ee46-d444-4bd0-89f3-e9cab9160cb4,2025-05-21,18:54:29.42,2025-05-21,22:54:29.42,2025-05-21T18:54:29.4266368-04:00,2025-05-21T22:54:29.4266368Z,YOR,SMD,StrikeCalled,Undefined,NoShift,94.61449,73.98251,147.88475,37.79206,70.71543,-50.58914,148.5927,-31.61626,247.03592,-130.91393,303.1799,2.99733,258.32345,115.96114,"Tostado, Frankie",676762,"Miller, Jalen",663692,"Lewis, Brandon",686781,"Wehler, Jeffrey",694292,"Costes, Marty",664753,"Soularie, Alerick",669442,"Alleyne, Bubba",804588,true
148c6cb5-dbae-48e3-ade8-8ce29ce3e959,31,96a78280-3696-11f0-8588-19e3553c12b0,a7710272-c37c-4ed2-a98e-731b068df3ce,2025-05-21,18:54:43.96,2025-05-21,22:54:43.96,2025-05-21T18:54:43.9623168-04:00,2025-05-21T22:54:43.9623168Z,YOR,SMD,StrikeSwinging,Undefined,NoShift,95.29894,74.05128,148.02004,37.57103,76.59234,-51.10284,148.55256,-31.95343,247.38738,-131.06009,305.83416,3.64755,256.30892,115.57612,"Tostado, Frankie",676762,"Miller, Jalen",663692,"Lewis, Brandon",686781,"Wehler, Jeffrey",694292,"Costes, Marty",664753,"Soularie, Alerick",669442,"Alleyne, Bubba",804588,true
148c6cb5-dbae-48e3-ade8-8ce29ce3e959,32,9ffb0d70-3696-11f0-8588-19e3553c12b0,8d9564d5-e339-43fd-ad93-325d5ce68ba8,2025-05-21,18:54:59.69,2025-05-21,22:54:59.69,2025-05-21T18:54:59.6966912-04:00,2025-05-21T22:54:59.6966912Z,YOR,SMD,InPlay,Out,NoShift,95.08309,74.0108,147.65012,37.88849,93.94078,-59.05546,148.26958,-32.05996,246.6364,-131.28063,295.61738,1.08863,254.84605,114.90131,"Tostado, Frankie",676762,"Miller, Jalen",663692,"Lewis, Brandon",686781,"Wehler, Jeffrey",694292,"Costes, Marty",664753,"Soularie, Alerick",669442,"Alleyne, Bubba",804588,true
148c6cb5-dbae-48e3-ade8-8ce29ce3e959,33,e34157b0-3696-11f0-8588-19e3553c12b0,7b20273f-f85d-4ff6-85b4-3924767e0d83,2025-05-21,18:56:52.54,2025-05-21,22:56:52.54,2025-05-21T18:56:52.5439488-04:00,2025-05-21T22:56:52.5439488Z,YOR,SMD,BallCalled,Undefined,NoShift,94.61244,73.41473,145.36876,41.50845,83.89283,-51.63051,147.32756,-33.15119,240.16812,-124.97899,311.39056,-4.51424,255.8427,122.32894,"Tostado, Frankie",676762,"Miller, Jalen",663692,"Lewis, Brandon",686781,"Wehler, Jeffrey",694292,"Costes, Marty",664753,"Soularie, Alerick",669442,"Alleyne, Bubba",804588,true
148c6cb5-dbae-48e3-ade8-8ce29ce3e959,34,ed1adb80-3696-11f0-8588-19e3553c12b0,5bba92f6-0b59-4714-b271-f2c7f5353a9e,2025-05-21,18:57:09.19,2025-05-21,22:57:09.19,2025-05-21T18:57:09.1927040-04:00,2025-05-21T22:57:09.1927040Z,YOR,SMD,BallCalled,Undefined,NoShift,94.6925,73.40554,145.22213,41.635,85.1486,-52.72182,148.1716,-30.23764,241.16679,-126.22679,312.81241,-3.77851,255.75682,122.1151,"Tostado, Frankie",676762,"Miller, Jalen",663692,"Lewis, Brandon",686781,"Wehler, Jeffrey",694292,"Costes, Marty",664753,"Soularie, Alerick",669442,"Alleyne, Bubba",804588,true
148c6cb5-dbae-48e3-ade8-8ce29ce3e959,35,f5a6a9a0-3696-11f0-8588-19e3553c12b0,d8ba6b43-2d4f-48ab-a1a1-4878b00967e9,2025-05-21,18:57:23.40,2025-05-21,22:57:23.40,2025-05-21T18:57:23.4036224-04:00,2025-05-21T22:57:23.4036224Z,YOR,SMD,StrikeCalled,Undefined,NoShift,94.57477,73.41055,145.49306,41.26831,90.67347,-57.19454,148.26997,-31.11281,241.79628,-129.87269,314.58304,-3.51173,253.73921,119.23691,"Tostado, Frankie",676762,"Miller, Jalen",663692,"Lewis, Brandon",686781,"Wehler, Jeffrey",694292,"Costes, Marty",664753,"Soularie, Alerick",669442,"Alleyne, Bubba",804588,true
148c6cb5-dbae-48e3-ade8-8ce29ce3e959,36,feedff90-3696-11f0-8588-19e3553c12b0,61a77385-72cf-4634-ae38-b8c2fde42167,2025-05-21,18:57:39.14,2025-05-21,22:57:39.14,2025-05-21T18:57:39.1403008-04:00,2025-05-21T22:57:39.1403008Z,YOR,SMD,BallCalled,Undefined,NoShift,94.3615,73.86413,145.23736,41.34115,92.24303,-58.3354,148.63263,-31.48772,241.83882,-130.1786,313.25689,-2.28603,253.94246,120.22682,"Tostado, Frankie",676762,"Miller, Jalen",663692,"Lewis, Brandon",686781,"Wehler, Jeffrey",694292,"Costes, Marty",664753,"Soularie, Alerick",669442,"Alleyne, Bubba",804588,true
148c6cb5-dbae-48e3-ade8-8ce29ce3e959,37,08e9ff80-3697-11f0-8588-19e3553c12b0,85d5250a-b0bf-4849-a3f5-413d127b5b5f,2025-05-21,18:57:55.86,2025-05-21,22:57:55.86,2025-05-21T18:57:55.8663680-04:00,2025-05-21T22:57:55.8663680Z,YOR,SMD,BallCalled,Undefined,NoShift,93.1895,73.68158,145.72968,41.35725,92.59383,-58.65249,148.64538,-29.18112,241.76811,-130.21321,315.11747,-1.87655,253.29973,119.66627,"Tostado, Frankie",676762,"Miller, Jalen",663692,"Lewis, Brandon",686781,"Wehler, Jeffrey",694292,"Costes, Marty",664753,"Soularie, Alerick",669442,"Alleyne, Bubba",804588,true
148c6cb5-dbae-48e3-ade8-8ce29ce3e959,38,1e381980-3697-11f0-8588-19e3553c12b0,5f9886f0-5b5a-4659-80af-9799d6a8a8f9,2025-05-21,18:58:31.41,2025-05-21,22:58:31.41,2025-05-21T18:58:31.4132480-04:00,2025-05-21T22:58:31.4132480Z,YOR,SMD,StrikeCalled,Undefined,NoShift,66.09392,58.35842,140.69901,34.75552,72.96926,-49.6365,143.08744,-18.61478,240.19703,-128.61377,316.25825,-1.96981,253.85143,120.86204,"Tostado, Frankie",676762,"Miller, Jalen",663692,"Lewis, Brandon",686781,"Wehler, Jeffrey",694292,"Costes, Marty",664753,"Soularie, Alerick",669442,"Alleyne, Bubba",804588,true
148c6cb5-dbae-48e3-ade8-8ce29ce3e959,39,31c52290-3697-11f0-8588-19e3553c12b0,60345bcc-5efd-433f-8480-5c453aa57aff,2025-05-21,18:59:04.20,2025-05-21,22:59:04.20,2025-05-21T18:59:04.2091520-04:00,2025-05-21T22:59:04.2091520Z,YOR,SMD,FoulBallNotFieldable,Undefined,NoShift,66.66876,57.80796,140.95667,37.93364,85.32606,-55.90013,143.58447,-15.21063,239.35666,-129.78749,315.28973,-1.09693,255.1477,120.94762,"Tostado, Frankie",676762,"Miller, Jalen",663692,"Lewis, Brandon",686781,"Wehler, Jeffrey",694292,"Costes, Marty",664753,"Soularie, Alerick",669442,"Alleyne, Bubba",804588,true
148c6cb5-dbae-48e3-ade8-8ce29ce3e959,40,46037a40-3697-11f0-8588-19e3553c12b0,938600bf-c201-4bdd-9673-bb7df2607b6b,2025-05-21,18:59:38.18,2025-05-21,22:59:38.18,2025-05-21T18:59:38.1870000-04:00,2025-05-21T22:59:38.1870000Z,YOR,SMD,StrikeSwinging,Undefined,NoShift,66.38356,57.92635,140.46861,37.67662,85.79591,-56.02588,143.23044,-13.07959,238.6202,-128.28028,316.14187,-0.30544,254.72099,119.34384,"Tostado, Frankie",676762,"Miller, Jalen",663692,"Lewis, Brandon",686781,"Wehler, Jeffrey",694292,"Costes, Marty",664753,"Soularie, Alerick",669442,"Alleyne, Bubba",804588,true
148c6cb5-dbae-48e3-ade8-8ce29ce3e959,41,67ede190-3697-11f0-8588-19e3553c12b0,a7cf50dd-2941-469c-a7bd-d7118366bbb5,2025-05-21,19:00:35.16,2025-05-21,23:00:35.16,2025-05-21T19:00:35.1654400-04:00,2025-05-21T23:00:35.1654400Z,YOR,SMD,BallCalled,Undefined,NoShift,65.75169,58.15277,147.21191,25.70186,93.19337,-70.65612,134.88543,-41.80383,239.78251,-126.44924,319.57163,3.53458,250.30746,125.08919,"Tostado, Frankie",676762,"Miller, Jalen",663692,"Lewis, Brandon",686781,"Wehler, Jeffrey",694292,"Costes, Marty",664753,"Soularie, Alerick",669442,"Alleyne, Bubba",804588,true
148c6cb5-dbae-48e3-ade8-8ce29ce3e959,42,7b6f2ad0-3697-11f0-8588-19e3553c12b0,de683185-f4c5-4c88-89c0-7e1436a0e29e,2025-05-21,19:01:07.83,2025-05-21,23:01:07.83,2025-05-21T19:01:07.8371328-04:00,2025-05-21T23:01:07.8371328Z,YOR,SMD,BallCalled,Undefined,NoShift,65.5443,57.82449,144.77391,26.34949,90.93866,-69.51205,133.86327,-38.42424,241.16042,-126.31715,315.81455,3.41209,245.66815,127.84373,"Tostado, Frankie",676762,"Miller, Jalen",663692,"Lewis, Brandon",686781,"Wehler, Jeffrey",694292,"Costes, Marty",664753,"Soularie, Alerick",669442,"Alleyne, Bubba",804588,true
148c6cb5-dbae-48e3-ade8-8ce29ce3e959,43,87a4c710-3697-11f0-8588-19e3553c12b0,aa1b5427-766a-4b23-8c94-1552afc942ff,2025-05-21,19:01:28.31,2025-05-21,23:01:28.31,2025-05-21T19:01:28.3138048-04:00,2025-05-21T23:01:28.3138048Z,YOR,SMD,InPlay,Double,NoShift,65.6898,57.20233,146.04311,25.78304,92.21807,-70.4137,132.40665,-38.86992,241.06041,-124.67699,316.75631,4.25695,252.69129,124.77883,"Tostado, Frankie",676762,"Miller, Jalen",663692,"Lewis, Brandon",686781,"Wehler, Jeffrey",694292,"Costes, Marty",664753,"Soularie, Alerick",669442,"Alleyne, Bubba",804588,true
148c6cb5-dbae-48e3-ade8-8ce29ce3e959,44,aed631c0-3697-11f0-8588-19e3553c12b0,f9c2b659-2c55-4bf9-9a99-3e8d5429dfc5,2025-05-21,19:02:34.11,2025-05-21,23:02:34.11,2025-05-21T19:02:34.1120000-04:00,2025-05-21T23:02:34.1120000Z,YOR,SMD,StrikeCalled,Undefined,NoShift,88.90775,56.78548,150.18848,27.88744,82.77297,-62.25424,136.29832,-39.48085,238.58847,-118.68226,308.14306,9.2655,253.88907,116.26205,"Tostado, Frankie",676762,"Miller, Jalen",663692,"Lewis, Brandon",686781,"Wehler, Jeffrey",694292,"Costes, Marty",664753,"Soularie, Alerick",669442,"Alleyne, Bubba",804588,true
148c6cb5-dbae-48e3-ade8-8ce29ce3e959,45,bab12ae0-3697-11f0-8588-19e3553c12b0,cc0ca67f-5f6f-4b48-af2e-781c622147c6,2025-05-21,19:02:53.97,2025-05-21,23:02:53.97,2025-05-21T19:02:53.9707904-04:00,2025-05-21T23:02:53.9707904Z,YOR,SMD,InPlay,Out,NoShift,90.76882,57.64694,150.28994,28.58185,85.86,-64.86567,135.73488,-39.95682,237.92512,-118.44049,310.28628,7.03785,252.49877,116.21581,"Tostado, Frankie",676762,"Miller, Jalen",663692,"Lewis, Brandon",686781,"Wehler, Jeffrey",694292,"Costes, Marty",664753,"Soularie, Alerick",669442,"Alleyne, Bubba",804588,true
148c6cb5-dbae-48e3-ade8-8ce29ce3e959,46,1549eaa0-3698-11f0-8588-19e3553c12b0,f2f1515e-f80c-4ee1-910f-99dee06e2efd,2025-05-21,19:05:25.96,2025-05-21,23:05:25.96,2025-05-21T19:05:25.9688448-04:00,2025-05-21T23:05:25.9688448Z,SMD,YOR,InPlay,Out,NoShift,97.54129,56.17162,146.34422,32.32949,73.70763,-52.28744,134.4595,-40.4067,250.39426,-110.14762,311.27767,16.71453,249.40438,130.16856,"Barrera, Brett",686941,"Taylor, John",10923412,"Loftin, Jackson",699816,"Dexter, Sam",670448,"De Aza, Alejandro",457477,"DiGiacomo, Giovanni",681029,"Wilson, Ethan",681159,true
148c6cb5-dbae-48e3-ade8-8ce29ce3e959,47,2cabf080-3698-11f0-8588-19e3553c12b0,c569c27b-5f17-40e2-a599-aa7945648688,2025-05-21,19:06:05.18,2025-05-21,23:06:05.18,2025-05-21T19:06:05.1819008-04:00,2025-05-21T23:06:05.1819008Z,SMD,YOR,StrikeCalled,Undefined,NoShift,95.57785,57.44151,147.77602,29.25109,96.41592,-74.38673,135.48622,-42.20514,250.52192,-117.98903,307.28325,15.21434,250.06178,132.31932,"Barrera, Brett",686941,"Taylor, John",10923412,"Loftin, Jackson",699816,"Dexter, Sam",670448,"De Aza, Alejandro",457477,"DiGiacomo, Giovanni",681029,"Wilson, Ethan",681159,true
148c6cb5-dbae-48e3-ade8-8ce29ce3e959,48,35bef000-3698-11f0-8588-19e3553c12b0,71ce1116-e018-4995-a2cc-ac75dc67c8c8,2025-05-21,19:06:20.48,2025-05-21,23:06:20.48,2025-05-21T19:06:20.4849152-04:00,2025-05-21T23:06:20.4849152Z,SMD,YOR,InPlay,Error,NoShift,95.44686,57.88961,147.77901,29.29276,97.38803,-74.70889,135.16901,-43.75631,249.06471,-116.32303,307.82941,15.47565,252.35188,135.03958,"Barrera, Brett",686941,"Taylor, John",10923412,"Loftin, Jackson",699816,"Dexter, Sam",670448,"De Aza, Alejandro",457477,"DiGiacomo, Giovanni",681029,"Wilson, Ethan",681159,true
148c6cb5-dbae-48e3-ade8-8ce29ce3e959,49,513f57c0-3698-11f0-8588-19e3553c12b0,da2b8279-4d5a-4c80-855c-5070597b51d6,2025-05-21,19:07:06.58,2025-05-21,23:07:06.58,2025-05-21T19:07:06.5882624-04:00,2025-05-21T23:07:06.5882624Z,SMD,YOR,StrikeSwinging,Undefined,NoShift,97.74845,57.38729,146.79348,29.69468,77.38557,-56.35276,136.53966,-41.07413,247.17308,-116.93013,309.07119,11.02205,248.01419,128.8112,"Barrera, Brett",686941,"Taylor, John",10923412,"Loftin, Jackson",699816,"Dexter, Sam",670448,"De Aza, Alejandro",457477,"DiGiacomo, Giovanni",681029,"Wilson, Ethan",681159,true
148c6cb5-dbae-48e3-ade8-8ce29ce3e959,50,5a843cb0-3698-11f0-8588-19e3553c12b0,ece4df6d-4718-4239-9b99-160a9f86ff16,2025-05-21,19:07:22.12,2025-05-21,23:07:22.12,2025-05-21T19:07:22.1228544-04:00,2025-05-21T23:07:22.1228544Z,SMD,YOR,InPlay,Out,NoShift,98.57372,59.49212,147.3148,30.4151,78.63979,-57.22497,134.28216,-41.11333,245.71066,-115.93864,310.8204,12.25515,241.77295,130.63166,"Barrera, Brett",686941,"Taylor, John",10923412,"Loftin, Jackson",699816,"Dexter, Sam",670448,"De Aza, Alejandro",457477,"DiGiacomo, Giovanni",681029,"Wilson, Ethan",681159,true
148c6cb5-dbae-48e3-ade8-8ce29ce3e959,51,d2f277c0-3698-11f0-8588-19e3553c12b0,fd850abf-350b-4ea8-9453-bf7f116ae80e,2025-05-21,19:10:44.14,2025-05-21,23:10:44.14,2025-05-21T19:10:44.1439232-04:00,2025-05-21T23:10:44.1439232Z,YOR,SMD,BallCalled,Undefined,NoShift,94.43945,58.87778,150.51458,27.48129,72.90993,-53.47013,138.40391,-44.7367,241.10519,-122.99744,301.02508,2.89387,253.80845,123.84646,"Tostado, Frankie",676762,"Miller, Jalen",663692,"Lewis, Brandon",686781,"Wehler, Jeffrey",694292,"Costes, Marty",664753,"Soularie, Alerick",669442,"Alleyne, Bubba",804588,true
148c6cb5-dbae-48e3-ade8-8ce29ce3e959,52,db4d98f0-3698-11f0-8588-19e3553c12b0,8f24ba5b-0625-4449-882e-441f3177b8f0,2025-05-21,19:10:58.30,2025-05-21,23:10:58.30,2025-05-21T19:10:58.3073280-04:00,2025-05-21T23:10:58.3073280Z,YOR,SMD,BallCalled,Undefined,NoShift,92.55624,61.75196,150.53923,28.27324,81.61119,-60.44963,138.98748,-45.40027,241.50585,-123.1706,302.90469,2.96282,252.01821,125.29444,"Tostado, Frankie",676762,"Miller, Jalen",663692,"Lewis, Brandon",686781,"Wehler, Jeffrey",694292,"Costes, Marty",664753,"Soularie, Alerick",669442,"Alleyne, Bubba",804588,true
148c6cb5-dbae-48e3-ade8-8ce29ce3e959,53,e3c0fd10-3698-11f0-8588-19e3553c12b0,3d767a89-c5a5-441a-92e0-fbe579b60b7d,2025-05-21,19:11:12.39,2025-05-21,23:11:12.39,2025-05-21T19:11:12.3958272-04:00,2025-05-21T23:11:12.3958272Z,YOR,SMD,BallCalled,Undefined,NoShift,93.38526,61.61075,150.59715,28.4798,90.03038,-67.43372,139.56084,-45.63952,241.53234,-121.85694,303.3313,2.1812,250.81195,125.46459,"Tostado, Frankie",676762,"Miller, Jalen",663692,"Lewis, Brandon",686781,"Wehler, Jeffrey",694292,"Costes, Marty",664753,"Soularie, Alerick",669442,"Alleyne, Bubba",804588,true
148c6cb5-dbae-48e3-ade8-8ce29ce3e959,54,eceab8e0-3698-11f0-8588-19e3553c12b0,5fa22ce2-113e-4e53-abec-7856d60bd328,2025-05-21,19:11:27.72,2025-05-21,23:11:27.72,2025-05-21T19:11:27.7288448-04:00,2025-05-21T23:11:27.7288448Z,YOR,SMD,StrikeCalled,Undefined,NoShift,93.20016,60.32047,150.17752,27.96374,90.77236,-68.03325,139.57133,-45.72554,240.94347,-121.70507,302.09419,3.15123,250.51806,125.06508,"Tostado, Frankie",676762,"Miller, Jalen",663692,"Lewis, Brandon",686781,"Wehler, Jeffrey",694292,"Costes, Marty",664753,"Soularie, Alerick",669442,"Alleyne, Bubba",804588,true
148c6cb5-dbae-48e3-ade8-8ce29ce3e959,55,f6610e10-3698-11f0-8588-19e3553c12b0,dd287101-4197-45c7-ad63-9813c38e416e,2025-05-21,19:11:43.61,2025-05-21,23:11:43.61,2025-05-21T19:11:43.6151808-04:00,2025-05-21T23:11:43.6151808Z,YOR,SMD,FoulBallNotFieldable,Undefined,NoShift,93.33028,60.06042,150.51344,27.81897,91.1274,-68.30327,140.23853,-46.29031,239.61446,-121.31391,302.8578,2.95557,250.49815,124.70169,"Tostado, Frankie",676762,"Miller, Jalen",663692,"Lewis, Brandon",686781,"Wehler, Jeffrey",694292,"Costes, Marty",664753,"Soularie, Alerick",669442,"Alleyne, Bubba",804588,true
148c6cb5-dbae-48e3-ade8-8ce29ce3e959,56,04847090-3699-11f0-8588-19e3553c12b0,e5cba826-cab8-4a3f-93a6-78c7dc95bd7d,2025-05-21,19:12:07.32,2025-05-21,23:12:07.32,2025-05-21T19:12:07.3241600-04:00,2025-05-21T23:12:07.3241600Z,YOR,SMD,FoulBallNotFieldable,Undefined,NoShift,93.41068,60.56024,150.10135,28.65121,91.00508,-68.41411,139.1197,-47.05856,241.15719,-121.57259,301.37331,3.64407,250.23526,125.96721,"Tostado, Frankie",676762,"Miller, Jalen",663692,"Lewis, Brandon",686781,"Wehler, Jeffrey",694292,"Costes, Marty",664753,"Soularie, Alerick",669442,"Alleyne, Bubba",804588,true
148c6cb5-dbae-48e3-ade8-8ce29ce3e959,57,0f4c24f0-3699-11f0-8588-19e3553c12b0,f393d650-c5a6-4930-8e9a-205b327696d8,2025-05-21,19:12:25.49,2025-05-21,23:12:25.49,2025-05-21T19:12:25.4995456-04:00,2025-05-21T23:12:25.4995456Z,YOR,SMD,BallCalled,Undefined,NoShift,92.80037,60.30101,150.82452,28.96286,91.20073,-68.65056,140.50149,-44.4207,241.27083,-121.61167,304.46391,3.203,252.30945,123.94065,"Tostado, Frankie",676762,"Miller, Jalen",663692,"Lewis, Brandon",686781,"Wehler, Jeffrey",694292,"Costes, Marty",664753,"Soularie, Alerick",669442,"Alleyne, Bubba",804588,true
148c6cb5-dbae-48e3-ade8-8ce29ce3e959,58,22a63720-3699-11f0-8588-19e3553c12b0,501c7ed3-d160-486e-9bfe-e786661d7c14,2025-05-21,19:12:57.81,2025-05-21,23:12:57.81,2025-05-21T19:12:57.8145280-04:00,2025-05-21T23:12:57.8145280Z,YOR,SMD,StrikeCalled,Undefined,NoShift,66.02136,57.19037,147.18589,25.0064,77.60901,-57.36238,131.99902,-33.02095,242.65133,-123.76032,303.67425,2.99232,254.66742,122.09439,"Tostado, Frankie",676762,"Miller, Jalen",663692,"Lewis, Brandon",686781,"Wehler, Jeffrey",694292,"Costes, Marty",664753,"Soularie, Alerick",669442,"Alleyne, Bubba",804588,true
148c6cb5-dbae-48e3-ade8-8ce29ce3e959,59,2d88ed90-3699-11f0-8588-19e3553c12b0,3b3c866d-3a72-4ccb-9507-82fd8ffd2185,2025-05-21,19:13:16.15,2025-05-21,23:13:16.15,2025-05-21T19:13:16.1563648-04:00,2025-05-21T23:13:16.1563648Z,YOR,SMD,BallCalled,Undefined,NoShift,66.76939,57.9758,146.53368,24.95813,85.16205,-63.93834,132.93689,-34.82248,242.24599,-123.69552,305.77646,3.02746,253.50727,121.73682,"Tostado, Frankie",676762,"Miller, Jalen",663692,"Lewis, Brandon",686781,"Wehler, Jeffrey",694292,"Costes, Marty",664753,"Soularie, Alerick",669442,"Alleyne, Bubba",804588,true
148c6cb5-dbae-48e3-ade8-8ce29ce3e959,60,3af1d9b0-3699-11f0-8588-19e3553c12b0,6d81160c-e966-42e0-ad24-b95e17e0ae2d,2025-05-21,19:13:38.74,2025-05-21,23:13:38.74,2025-05-21T19:13:38.7497984-04:00,2025-05-21T23:13:38.7497984Z,YOR,SMD,BallCalled,Undefined,NoShift,67.09818,57.5286,145.74455,25.87152,86.18176,-64.55949,132.82645,-35.09422,241.45096,-122.27854,305.24794,2.87255,252.31907,122.54556,"Tostado, Frankie",676762,"Miller, Jalen",663692,"Lewis, Brandon",686781,"Wehler, Jeffrey",694292,"Costes, Marty",664753,"Soularie, Alerick",669442,"Alleyne, Bubba",804588,true
148c6cb5-dbae-48e3-ade8-8ce29ce3e959,61,488e31e0-3699-11f0-8588-19e3553c12b0,d19fcef0-e0c2-46e7-bfeb-42a310f314d6,2025-05-21,19:14:01.48,2025-05-21,23:14:01.48,2025-05-21T19:14:01.4876672-04:00,2025-05-21T23:14:01.4876672Z,YOR,SMD,InPlay,Single,NoShift,65.84726,57.30013,146.28397,25.40959,86.9756,-65.50021,133.80039,-34.24689,242.364,-121.58315,305.74425,3.70443,251.71269,122.83968,"Tostado, Frankie",676762,"Miller, Jalen",663692,"Lewis, Brandon",686781,"Wehler, Jeffrey",694292,"Costes, Marty",664753,"Soularie, Alerick",669442,"Alleyne, Bubba",804588,true
148c6cb5-dbae-48e3-ade8-8ce29ce3e959,62,6b8e00d0-3699-11f0-8588-19e3553c12b0,56460984-54a5-442a-ab55-2ec5bff2debc,2025-05-21,19:15:00.15,2025-05-21,23:15:00.15,2025-05-21T19:15:00.1562624-04:00,2025-05-21T23:15:00.1562624Z,YOR,SMD,InPlay,Sacrifice,NoShift,71.13223,51.57922,133.09568,36.7985,74.43165,-50.72862,128.04753,-25.72552,236.97437,-123.96198,305.9272,2.71296,252.60355,117.89169,"Tostado, Frankie",676762,"Miller, Jalen",663692,"Lewis, Brandon",686781,"Wehler, Jeffrey",694292,"Costes, Marty",664753,"Soularie, Alerick",669442,"Alleyne, Bubba",804588,true
148c6cb5-dbae-48e3-ade8-8ce29ce3e959,63,8d561310-3699-11f0-8588-19e3553c12b0,3cca4398-8d75-4f32-a0d4-132d6ecfe52e,2025-05-21,19:15:56.90,2025-05-21,23:15:56.90,2025-05-21T19:15:56.9049088-04:00,2025-05-21T23:15:56.9049088Z,YOR,SMD,StrikeCalled,Undefined,NoShift,76.83808,48.96228,109.06222,21.02879,74.68983,-55.40032,101.28439,-28.57999,229.60598,-122.54344,302.10227,5.08686,254.01522,118.6963,"Tostado, Frankie",676762,"Miller, Jalen",663692,"Lewis, Brandon",686781,"Wehler, Jeffrey",694292,"Costes, Marty",664753,"Soularie, Alerick",669442,"Alleyne, Bubba",804588,true
148c6cb5-dbae-48e3-ade8-8ce29ce3e959,64,975a2950-3699-11f0-8588-19e3553c12b0,934e1d79-5809-4461-9b35-b06bdca53c17,2025-05-21,19:16:13.71,2025-05-21,23:16:13.71,2025-05-21T19:16:13.7171968-04:00,2025-05-21T23:16:13.7171968Z,YOR,SMD,BallCalled,Undefined,NoShift,77.80045,48.88083,109.02986,20.41086,73.55253,-55.60763,101.988,-31.86688,228.39738,-122.48676,302.59981,4.49121,253.8456,119.75043,"Tostado, Frankie",676762,"Miller, Jalen",663692,"Lewis, Brandon",686781,"Wehler, Jeffrey",694292,"Costes, Marty",664753,"Soularie, Alerick",669442,"Alleyne, Bubba",804588,true
148c6cb5-dbae-48e3-ade8-8ce29ce3e959,65,a4684b40-3699-11f0-8588-19e3553c12b0,3f489083-d5c1-4054-b009-b052f7af2002,2025-05-21,19:16:35.57,2025-05-21,23:16:35.57,2025-05-21T19:16:35.5731968-04:00,2025-05-21T23:16:35.5731968Z,YOR,SMD,InPlay,Out,NoShift,76.71599,49.36988,108.92926,19.24434,73.99503,-55.61541,101.91615,-33.56251,228.81276,-122.53165,302.35487,4.40997,250.58706,118.7186,"Tostado, Frankie",676762,"Miller, Jalen",663692,"Lewis, Brandon",686781,"Wehler, Jeffrey",694292,"Costes, Marty",664753,"Soularie, Alerick",669442,"Alleyne, Bubba",804588,true
148c6cb5-dbae-48e3-ade8-8ce29ce3e959,66,be540940-3699-11f0-8588-19e3553c12b0,e82e945a-3583-4555-9311-c44f4626cc06,2025-05-21,19:17:18.99,2025-05-21,23:17:18.99,2025-05-21T19:17:18.9971968-04:00,2025-05-21T23:17:18.9971968Z,YOR,SMD,StrikeSwinging,Undefined,NoShift,71.88947,54.26459,103.61488,22.17826,72.01309,-51.38968,102.13282,-23.45929,226.70162,-123.47774,299.83954,3.71325,252.5472,117.99625,"Tostado, Frankie",676762,"Miller, Jalen",663692,"Lewis, Brandon",686781,"Wehler, Jeffrey",694292,"Costes, Marty",664753,"Soularie, Alerick",669442,"Alleyne, Bubba",804588,true
148c6cb5-dbae-48e3-ade8-8ce29ce3e959,67,c9fb6f40-3699-11f0-8588-19e3553c12b0,58d96b25-2abe-41e6-b50f-6ed18a121492,2025-05-21,19:17:38.67,2025-05-21,23:17:38.67,2025-05-21T19:17:38.6719232-04:00,2025-05-21T23:17:38.6719232Z,YOR,SMD,StrikeSwinging,Undefined,NoShift,73.09678,55.4226,102.51517,22.03391,71.72114,-51.01049,100.54995,-24.62127,226.93372,-123.5506,301.63104,3.41698,250.16195,117.43336,"Tostado, Frankie",676762,"Miller, Jalen",663692,"Lewis, Brandon",686781,"Wehler, Jeffrey",694292,"Costes, Marty",664753,"Soularie, Alerick",669442,"Alleyne, Bubba",804588,true
148c6cb5-dbae-48e3-ade8-8ce29ce3e959,68,dbcbfb40-3699-11f0-8588-19e3553c12b0,2c9e6035-d152-4a40-a800-14c472c7838e,2025-05-21,19:18:08.45,2025-05-21,23:18:08.45,2025-05-21T19:18:08.4573184-04:00,2025-05-21T23:18:08.4573184Z,YOR,SMD,BallCalled,Undefined,NoShift,72.60207,54.87215,103.782,21.16332,71.54615,-51.00355,99.08723,-26.76062,225.10974,-122.87673,295.4404,1.68227,253.03704,115.04089,"Tostado, Frankie",676762,"Miller, Jalen",663692,"Lewis, Brandon",686781,"Wehler, Jeffrey",694292,"Costes, Marty",664753,"Soularie, Alerick",669442,"Alleyne, Bubba",804588,true
148c6cb5-dbae-48e3-ade8-8ce29ce3e959,69,e5b0a2a0-3699-11f0-8588-19e3553c12b0,54ac2dc7-a771-47d1-a92a-e71ea6d264b2,2025-05-21,19:18:25.25,2025-05-21,23:18:25.25,2025-05-21T19:18:25.2557824-04:00,2025-05-21T23:18:25.2557824Z,YOR,SMD,BallCalled,Undefined,NoShift,72.49684,55.06979,104.04962,21.53357,73.28867,-52.64092,,,224.93766,-122.81293,293.99894,1.33309,252.34023,115.17213,"Tostado, Frankie",676762,"Miller, Jalen",663692,"Lewis, Brandon",686781,"Wehler, Jeffrey",694292,"Costes, Marty",664753,"Soularie, Alerick",669442,"Alleyne, Bubba",804588,true
148c6cb5-dbae-48e3-ade8-8ce29ce3e959,70,f02fdc50-3699-11f0-8588-19e3553c12b0,42ff9902-f432-49de-bb78-d094085f3407,2025-05-21,19:18:42.87,2025-05-21,23:18:42.87,2025-05-21T19:18:42.8785664-04:00,2025-05-21T23:18:42.8785664Z,YOR,SMD,BallCalled,Undefined,NoShift,74.895,56.11543,103.59922,21.86624,72.31588,-51.79244,102.80639,-23.97603,225.11755,-124.04723,294.88645,1.13049,252.30507,114.99466,"Tostado, Frankie",676762,"Miller, Jalen",663692,"Lewis, Brandon",686781,"Wehler, Jeffrey",694292,"Costes, Marty",664753,"Soularie, Alerick",669442,"Alleyne, Bubba",804588,true
148c6cb5-dbae-48e3-ade8-8ce29ce3e959,71,fd9c4ae0-3699-11f0-8588-19e3553c12b0,695c4344-9bb4-46ee-873d-db29751fac5d,2025-05-21,19:19:05.40,2025-05-21,23:19:05.40,2025-05-21T19:19:05.4015488-04:00,2025-05-21T23:19:05.4015488Z,YOR,SMD,FoulBallNotFieldable,Undefined,NoShift,74.02295,55.82617,104.57696,20.58003,72.05945,-52.40762,102.86541,-24.88861,224.79136,-123.95039,296.55727,1.44179,251.64421,114.68118,"Tostado, Frankie",676762,"Miller, Jalen",663692,"Lewis, Brandon",686781,"Wehler, Jeffrey",694292,"Costes, Marty",664753,"Soularie, Alerick",669442,"Alleyne, Bubba",804588,true
148c6cb5-dbae-48e3-ade8-8ce29ce3e959,72,09af43f0-369a-11f0-8588-19e3553c12b0,442ee173-7c2b-4ed4-b6b9-f3c5a1dbd770,2025-05-21,19:19:25.52,2025-05-21,23:19:25.52,2025-05-21T19:19:25.5254016-04:00,2025-05-21T23:19:25.5254016Z,YOR,SMD,InPlay,Out,NoShift,74.77463,56.73702,105.69325,20.60775,73.36709,-52.59123,103.58779,-25.44106,227.31411,-125.07068,297.42057,0.06467,250.157,117.3958,"Tostado, Frankie",676762,"Miller, Jalen",663692,"Lewis, Brandon",686781,"Wehler, Jeffrey",694292,"Costes, Marty",664753,"Soularie, Alerick",669442,"Alleyne, Bubba",804588,true
148c6cb5-dbae-48e3-ade8-8ce29ce3e959,73,23270a70-369a-11f0-8588-19e3553c12b0,bed4a6ae-edf6-43e3-9234-1e7d1ce4ffe5,2025-05-21,19:20:08.21,2025-05-21,23:20:08.21,2025-05-21T19:20:08.2157568-04:00,2025-05-21T23:20:08.2157568Z,YOR,SMD,BallCalled,Undefined,NoShift,93.99644,74.51625,145.94992,39.6651,92.91818,-58.37684,146.40685,-33.60531,228.68848,-123.89637,303.75836,1.15756,255.35407,112.64475,"Tostado, Frankie",676762,"Miller, Jalen",663692,"Lewis, Brandon",686781,"Wehler, Jeffrey",694292,"Costes, Marty",664753,"Soularie, Alerick",669442,"Alleyne, Bubba",804588,true
148c6cb5-dbae-48e3-ade8-8ce29ce3e959,74,2bfe1260-369a-11f0-8588-19e3553c12b0,7c10fe81-cbf3-4e27-beb4-9486d9c61266,2025-05-21,19:20:23.06,2025-05-21,23:20:23.06,2025-05-21T19:20:23.0610944-04:00,2025-05-21T23:20:23.0610944Z,YOR,SMD,StrikeCalled,Undefined,NoShift,94.78326,74.20975,146.22017,39.72439,94.07161,-58.84371,145.87804,-34.19641,228.84538,-124.97403,304.12149,0.2853,252.87514,111.79012,"Tostado, Frankie",676762,"Miller, Jalen",663692,"Lewis, Brandon",686781,"Wehler, Jeffrey",694292,"Costes, Marty",664753,"Soularie, Alerick",669442,"Alleyne, Bubba",804588,true
148c6cb5-dbae-48e3-ade8-8ce29ce3e959,75,366c3510-369a-11f0-8588-19e3553c12b0,877e8385-9157-4ef6-85b9-4e462b0a0712,2025-05-21,19:20:40.57,2025-05-21,23:20:40.57,2025-05-21T19:20:40.5750272-04:00,2025-05-21T23:20:40.5750272Z,YOR,SMD,StrikeCalled,Undefined,NoShift,93.2404,74.29684,146.34319,40.06682,94.58145,-59.21775,145.48503,-34.48374,228.49247,-124.77655,303.36306,1.33328,253.24799,111.83776,"Tostado, Frankie",676762,"Miller, Jalen",663692,"Lewis, Brandon",686781,"Wehler, Jeffrey",694292,"Costes, Marty",664753,"Soularie, Alerick",669442,"Alleyne, Bubba",804588,true
148c6cb5-dbae-48e3-ade8-8ce29ce3e959,76,3f558c80-369a-11f0-8588-19e3553c12b0,7d613019-e679-400f-91af-65e3081e7c1f,2025-05-21,19:20:55.47,2025-05-21,23:20:55.47,2025-05-21T19:20:55.4754048-04:00,2025-05-21T23:20:55.4754048Z,YOR,SMD,FoulBallNotFieldable,Undefined,NoShift,94.72997,75.1044,146.49821,39.83857,94.39245,-59.41367,145.12021,-33.99847,227.27633,-123.40992,306.11251,0.35672,252.6178,111.84881,"Tostado, Frankie",676762,"Miller, Jalen",663692,"Lewis, Brandon",686781,"Wehler, Jeffrey",694292,"Costes, Marty",664753,"Soularie, Alerick",669442,"Alleyne, Bubba",804588,true
148c6cb5-dbae-48e3-ade8-8ce29ce3e959,77,4b53c510-369a-11f0-8588-19e3553c12b0,11d0ba5f-c46f-429c-9c23-511d83d55b16,2025-05-21,19:21:15.62,2025-05-21,23:21:15.62,2025-05-21T19:21:15.6229120-04:00,2025-05-21T23:21:15.6229120Z,YOR,SMD,BallCalled,Undefined,NoShift,93.07072,73.49508,145.98408,40.44507,94.16682,-59.72228,145.15692,-32.05993,228.65414,-124.01541,305.20819,0.40203,252.05116,109.96058,"Tostado, Frankie",676762,"Miller, Jalen",663692,"Lewis, Brandon",686781,"Wehler, Jeffrey",694292,"Costes, Marty",664753,"Soularie, Alerick",669442,"Alleyne, Bubba",804588,true
148c6cb5-dbae-48e3-ade8-8ce29ce3e959,78,5757a2f0-369a-11f0-8588-19e3553c12b0,cd3acde6-7963-4dcc-9ac8-61b526866535,2025-05-21,19:21:35.80,2025-05-21,23:21:35.80,2025-05-21T19:21:35.8080512-04:00,2025-05-21T23:21:35.8080512Z,YOR,SMD,FoulBallNotFieldable,Undefined,NoShift,93.26215,73.19845,145.01823,40.57379,94.91328,-60.33543,145.75671,-33.38653,228.97593,-123.67495,305.91631,0.79353,252.09265,110.06587,"Tostado, Frankie",676762,"Miller, Jalen",663692,"Lewis, Brandon",686781,"Wehler, Jeffrey",694292,"Costes, Marty",664753,"Soularie, Alerick",669442,"Alleyne, Bubba",804588,true
148c6cb5-dbae-48e3-ade8-8ce29ce3e959,79,64587e70-369a-11f0-8588-19e3553c12b0,ba5a1b85-b812-4efa-833f-1ab43e846e5c,2025-05-21,19:21:57.61,2025-05-21,23:21:57.61,2025-05-21T19:21:57.6130048-04:00,2025-05-21T23:21:57.6130048Z,YOR,SMD,InPlay,Out,NoShift,93.39543,73.94733,145.84321,40.83945,95.01846,-60.69488,145.20327,-32.4668,229.22658,-122.6066,304.43673,10.55868,253.81939,117.56343,"Tostado, Frankie",676762,"Miller, Jalen",663692,"Lewis, Brandon",686781,"Wehler, Jeffrey",694292,"Costes, Marty",664753,"Soularie, Alerick",669442,"Alleyne, Bubba",804588,true
148c6cb5-dbae-48e3-ade8-8ce29ce3e959,80,bb959010-369a-11f0-8588-19e3553c12b0,2bb24eaa-9452-4e45-9473-bfe1e918bde6,2025-05-21,19:24:23.94,2025-05-21,23:24:23.94,2025-05-21T19:24:23.9496192-04:00,2025-05-21T23:24:23.9496192Z,SMD,YOR,StrikeCalled,Undefined,NoShift,98.23619,54.69932,148.1149,31.75307,96.44352,-74.35491,135.75615,-42.40871,250.83422,-114.97835,307.7438,12.59398,253.47039,126.2825,"Barrera, Brett",686941,"Taylor, John",10923412,"Loftin, Jackson",699816,"Dexter, Sam",670448,"De Aza, Alejandro",457477,"DiGiacomo, Giovanni",681029,"Wilson, Ethan",681159,true
148c6cb5-dbae-48e3-ade8-8ce29ce3e959,81,c48688a0-369a-11f0-8588-19e3553c12b0,7476a34f-ba49-4a38-b00b-0109bf9b71de,2025-05-21,19:24:38.95,2025-05-21,23:24:38.95,2025-05-21T19:24:38.9596160-04:00,2025-05-21T23:24:38.9596160Z,SMD,YOR,FoulBallNotFieldable,Undefined,NoShift,97.44928,55.55853,147.20187,30.3635,97.12617,-75.06115,135.70753,-43.68024,249.61132,-114.75528,308.04589,12.82185,251.05169,130.35482,"Barrera, Brett",686941,"Taylor, John",10923412,"Loftin, Jackson",699816,"Dexter, Sam",670448,"De Aza, Alejandro",457477,"DiGiacomo, Giovanni",681029,"Wilson, Ethan",681159,true
148c6cb5-dbae-48e3-ade8-8ce29ce3e959,82,cfeb6760-369a-11f0-8588-19e3553c12b0,65e89bbf-8eb2-4757-aad7-75af2d552740,2025-05-21,19:24:58.07,2025-05-21,23:24:58.07,2025-05-21T19:24:58.0790000-04:00,2025-05-21T23:24:58.0790000Z,SMD,YOR,StrikeCalled,Undefined,NoShift,97.30823,57.00301,148.07063,30.35827,96.54226,-77.06543,133.97588,-43.32255,248.79192,-114.37624,307.15133,14.66561,251.02345,131.07408,"Barrera, Brett",686941,"Taylor, John",10923412,"Loftin, Jackson",699816,"Dexter, Sam",670448,"De Aza, Alejandro",457477,"DiGiacomo, Giovanni",681029,"Wilson, Ethan",681159,true
148c6cb5-dbae-48e3-ade8-8ce29ce3e959,83,e2d6d940-369a-11f0-8588-19e3553c12b0,15cec64a-084f-4d0c-b610-2f9b3f3ab726,2025-05-21,19:25:29.81,2025-05-21,23:25:29.81,2025-05-21T19:25:29.8165760-04:00,2025-05-21T23:25:29.8165760Z,SMD,YOR,StrikeSwinging,Undefined,NoShift,97.56951,58.21657,149.01838,28.32651,94.51853,-73.23996,134.4051,-44.10997,249.62232,-112.98031,310.84906,16.03892,247.14737,130.08832,"Barrera, Brett",686941,"Taylor, John",10923412,"Loftin, Jackson",699816,"Dexter, Sam",670448,"De Aza, Alejandro",457477,"DiGiacomo, Giovanni",681029,"Wilson, Ethan",681159,true
148c6cb5-dbae-48e3-ade8-8ce29ce3e959,84,eaf67810-369a-11f0-8588-19e3553c12b0,2fbd50d0-4ed2-43df-8ff3-e3ffb483d586,2025-05-21,19:25:43.41,2025-05-21,23:25:43.41,2025-05-21T19:25:43.4147840-04:00,2025-05-21T23:25:43.4147840Z,SMD,YOR,BallCalled,Undefined,NoShift,99.01852,58.53734,147.04202,29.69691,95.64062,-74.12313,134.71086,-44.41863,248.3116,-113.39554,310.33524,16.65837,248.55771,129.9746,"Barrera, Brett",686941,"Taylor, John",10923412,"Loftin, Jackson",699816,"Dexter, Sam",670448,"De Aza, Alejandro",457477,"DiGiacomo, Giovanni",681029,"Wilson, Ethan",681159,true
148c6cb5-dbae-48e3-ade8-8ce29ce3e959,85,f4e90220-369a-11f0-8588-19e3553c12b0,038d43b5-5aef-4a9a-8241-482e799b4af9,2025-05-21,19:26:00.12,2025-05-21,23:26:00.12,2025-05-21T19:26:00.1275392-04:00,2025-05-21T23:26:00.1275392Z,SMD,YOR,StrikeCalled,Undefined,NoShift,97.78935,59.30236,148.44528,29.81216,95.80143,-74.83713,133.66631,-43.68315,247.11515,-113.04668,309.66836,16.33202,250.81511,132.71557,"Barrera, Brett",686941,"Taylor, John",10923412,"Loftin, Jackson",699816,"Dexter, Sam",670448,"De Aza, Alejandro",457477,"DiGiacomo, Giovanni",681029,"Wilson, Ethan",681159,true
148c6cb5-dbae-48e3-ade8-8ce29ce3e959,86,05e4b1f0-369b-11f0-8588-19e3553c12b0,5f8598cf-19c7-4e70-83be-36d271c4ab68,2025-05-21,19:26:28.60,2025-05-21,23:26:28.60,2025-05-21T19:26:28.6090000-04:00,2025-05-21T23:26:28.6090000Z,SMD,YOR,StrikeSwinging,Undefined,NoShift,97.65109,60.27773,147.50992,32.46396,94.70883,-74.6348,134.49066,-44.59053,246.73729,-112.50202,310.02783,16.32828,250.2811,131.95527,"Barrera, Brett",686941,"Taylor, John",10923412,"Loftin, Jackson",699816,"Dexter, Sam",670448,"De Aza, Alejandro",457477,"DiGiacomo, Giovanni",681029,"Wilson, Ethan",681159,true
148c6cb5-dbae-48e3-ade8-8ce29ce3e959,87,18d5f030-369b-11f0-8588-19e3553c12b0,1cfc2265-fd58-488c-9673-01b251cf89aa,2025-05-21,19:27:00.43,2025-05-21,23:27:00.43,2025-05-21T19:27:00.4389376-04:00,2025-05-21T23:27:00.4389376Z,SMD,YOR,StrikeSwinging,Undefined,NoShift,98.55892,72.41639,140.06154,48.13293,73.60318,-50.02026,141.19607,-29.09139,232.06878,-116.83608,309.41668,15.77294,252.44547,140.09011,"Barrera, Brett",686941,"Taylor, John",10923412,"Loftin, Jackson",699816,"Dexter, Sam",670448,"De Aza, Alejandro",457477,"DiGiacomo, Giovanni",681029,"Wilson, Ethan",681159,true
148c6cb5-dbae-48e3-ade8-8ce29ce3e959,88,21bb01e0-369b-11f0-8588-19e3553c12b0,af8bb7f0-285e-479c-9d7e-b80bff9f9202,2025-05-21,19:27:15.34,2025-05-21,23:27:15.34,2025-05-21T19:27:15.3414656-04:00,2025-05-21T23:27:15.3414656Z,SMD,YOR,BallCalled,Undefined,NoShift,96.54957,71.59467,138.68457,50.73512,74.9556,-50.59375,140.16077,-28.6877,232.91643,-115.891,311.63739,16.59116,252.22797,138.14156,"Barrera, Brett",686941,"Taylor, John",10923412,"Loftin, Jackson",699816,"Dexter, Sam",670448,"De Aza, Alejandro",457477,"DiGiacomo, Giovanni",681029,"Wilson, Ethan",681159,true
148c6cb5-dbae-48e3-ade8-8ce29ce3e959,89,2b4c3210-369b-11f0-8588-19e3553c12b0,36008070-a76c-470b-a18e-23f27d074885,2025-05-21,19:27:31.53,2025-05-21,23:27:31.53,2025-05-21T19:27:31.5338752-04:00,2025-05-21T23:27:31.5338752Z,SMD,YOR,FoulBallNotFieldable,Undefined,NoShift,97.90913,71.71916,138.52817,51.06619,73.96993,-51.55006,138.53826,-29.69765,233.94103,-116.51229,308.08349,15.40123,251.50562,140.33272,"Barrera, Brett",686941,"Taylor, John",10923412,"Loftin, Jackson",699816,"Dexter, Sam",670448,"De Aza, Alejandro",457477,"DiGiacomo, Giovanni",681029,"Wilson, Ethan",681159,true
148c6cb5-dbae-48e3-ade8-8ce29ce3e959,90,3a74cf90-369b-11f0-8588-19e3553c12b0,e9e38a3e-4013-4896-b477-2013dd0887aa,2025-05-21,19:27:56.84,2025-05-21,23:27:56.84,2025-05-21T19:27:56.8404480-04:00,2025-05-21T23:27:56.8404480Z,SMD,YOR,FoulBallNotFieldable,Undefined,NoShift,97.65447,73.13179,139.09377,50.78831,92.54117,-69.062,138.94856,-34.61296,235.64462,-116.45432,303.94871,15.11538,252.63617,140.69127,"Barrera, Brett",686941,"Taylor, John",10923412,"Loftin, Jackson",699816,"Dexter, Sam",670448,"De Aza, Alejandro",457477,"DiGiacomo, Giovanni",681029,"Wilson, Ethan",681159,true
148c6cb5-dbae-48e3-ade8-8ce29ce3e959,91,48228ce0-369b-11f0-8588-19e3553c12b0,2d4cbe59-4b55-46e6-b2e7-9c6d6c63fd2a,2025-05-21,19:28:19.77,2025-05-21,23:28:19.77,2025-05-21T19:28:19.7706240-04:00,2025-05-21T23:28:19.7706240Z,SMD,YOR,BallCalled,Undefined,NoShift,96.22203,72.50267,138.89389,48.73396,92.24909,-70.67221,136.40996,-35.25665,229.97517,-117.42991,303.70105,10.82519,253.26896,142.47973,"Barrera, Brett",686941,"Taylor, John",10923412,"Loftin, Jackson",699816,"Dexter, Sam",670448,"De Aza, Alejandro",457477,"DiGiacomo, Giovanni",681029,"Wilson, Ethan",681159,true
148c6cb5-dbae-48e3-ade8-8ce29ce3e959,92,52c5f060-369b-11f0-8588-19e3553c12b0,a2415f25-3d93-4143-b0a7-1cfa369486f9,2025-05-21,19:28:37.65,2025-05-21,23:28:37.65,2025-05-21T19:28:37.6537088-04:00,2025-05-21T23:28:37.6537088Z,SMD,YOR,FoulBallNotFieldable,Undefined,NoShift,96.85533,72.76512,140.09084,48.61748,92.9232,-69.43866,139.07874,-35.69832,229.67429,-113.36315,301.99735,11.83219,253.95786,142.65333,"Barrera, Brett",686941,"Taylor, John",10923412,"Loftin, Jackson",699816,"Dexter, Sam",670448,"De Aza, Alejandro",457477,"DiGiacomo, Giovanni",681029,"Wilson, Ethan",681159,true
148c6cb5-dbae-48e3-ade8-8ce29ce3e959,93,61317f70-369b-11f0-8588-19e3553c12b0,a800a2ff-d3b7-4fe1-a124-229308bdfe82,2025-05-21,19:29:01.85,2025-05-21,23:29:01.85,2025-05-21T19:29:01.8550272-04:00,2025-05-21T23:29:01.8550272Z,SMD,YOR,InPlay,Out,NoShift,98.61894,73.63587,139.87484,47.56145,92.04333,-69.34587,133.9336,-36.83945,228.44819,-111.70738,300.20286,10.73612,250.07337,141.76295,"Barrera, Brett",686941,"Taylor, John",10923412,"Loftin, Jackson",699816,"Dexter, Sam",670448,"De Aza, Alejandro",457477,"DiGiacomo, Giovanni",681029,"Wilson, Ethan",681159,true
148c6cb5-dbae-48e3-ade8-8ce29ce3e959,94,c5e07de0-369b-11f0-8588-19e3553c12b0,1b573afa-b7d8-4c3a-a83d-3ddee7d1b3fa,2025-05-21,19:31:50.76,2025-05-21,23:31:50.76,2025-05-21T19:31:50.7693568-04:00,2025-05-21T23:31:50.7693568Z,YOR,SMD,FoulBallNotFieldable,Undefined,NoShift,96.46463,74.87913,144.92927,41.29985,73.38576,-50.02912,148.75655,-29.33585,238.8552,-124.19846,298.11884,1.54234,254.65116,112.83383,"Tostado, Frankie",676762,"Miller, Jalen",663692,"Lewis, Brandon",686781,"Wehler, Jeffrey",694292,"Costes, Marty",664753,"Soularie, Alerick",669442,"Alleyne, Bubba",804588,true
148c6cb5-dbae-48e3-ade8-8ce29ce3e959,95,d2e243c0-369b-11f0-8588-19e3553c12b0,d9f73ae5-0d1e-48e0-881e-304c01da7661,2025-05-21,19:32:12.49,2025-05-21,23:32:12.49,2025-05-21T19:32:12.4978176-04:00,2025-05-21T23:32:12.4978176Z,YOR,SMD,FoulBallNotFieldable,Undefined,NoShift,94.87612,74.3639,145.94115,40.02873,89.43618,-57.83149,147.14666,-33.02082,230.83555,-128.74218,294.57991,-2.92701,256.60482,111.69434,"Tostado, Frankie",676762,"Miller, Jalen",663692,"Lewis, Brandon",686781,"Wehler, Jeffrey",694292,"Costes, Marty",664753,"Soularie, Alerick",669442,"Alleyne, Bubba",804588,true
148c6cb5-dbae-48e3-ade8-8ce29ce3e959,96,e71e7890-369b-11f0-8588-19e3553c12b0,bc1c8b23-8171-4578-8d96-95c1a27b1147,2025-05-21,19:32:46.46,2025-05-21,23:32:46.46,2025-05-21T19:32:46.4650752-04:00,2025-05-21T23:32:46.4650752Z,YOR,SMD,BallCalled,Undefined,NoShift,93.4545,73.18878,146.43243,39.75751,89.92667,-60.55663,145.9881,-34.99282,230.41692,-133.39962,299.58962,-12.19015,254.93086,112.78155,"Tostado, Frankie",676762,"Miller, Jalen",663692,"Lewis, Brandon",686781,"Wehler, Jeffrey",694292,"Costes, Marty",664753,"Soularie, Alerick",669442,"Alleyne, Bubba",804588,true
148c6cb5-dbae-48e3-ade8-8ce29ce3e959,97,f35d63a0-369b-11f0-8588-19e3553c12b0,05ac4e45-c1b1-4d3a-a4d4-c333d9c49c6d,2025-05-21,19:33:07.05,2025-05-21,23:33:07.05,2025-05-21T19:33:07.0521344-04:00,2025-05-21T23:33:07.0521344Z,YOR,SMD,FoulBallNotFieldable,Undefined,NoShift,94.29289,73.7534,146.21552,40.05617,90.91302,-61.02319,145.88401,-32.46454,231.25354,-133.82992,300.18481,-11.91716,255.11588,109.96156,"Tostado, Frankie",676762,"Miller, Jalen",663692,"Lewis, Brandon",686781,"Wehler, Jeffrey",694292,"Costes, Marty",664753,"Soularie, Alerick",669442,"Alleyne, Bubba",804588,true
148c6cb5-dbae-48e3-ade8-8ce29ce3e959,98,ffd0cc30-369b-11f0-8588-19e3553c12b0,084726b9-e8c9-4a80-b62d-d994cad3a24c,2025-05-21,19:33:28.04,2025-05-21,23:33:28.04,2025-05-21T19:33:28.0494592-04:00,2025-05-21T23:33:28.0494592Z,YOR,SMD,BallCalled,Undefined,NoShift,94.63212,72.81754,145.10973,40.8618,91.9845,-62.14374,145.79555,-28.91792,232.65554,-130.53474,299.60026,-10.13145,252.46523,115.64865,"Tostado, Frankie",676762,"Miller, Jalen",663692,"Lewis, Brandon",686781,"Wehler, Jeffrey",694292,"Costes, Marty",664753,"Soularie, Alerick",669442,"Alleyne, Bubba",804588,true
148c6cb5-dbae-48e3-ade8-8ce29ce3e959,99,0ea77920-369c-11f0-8588-19e3553c12b0,35cf253b-664e-4dee-90cf-69ccd6babe27,2025-05-21,19:33:52.78,2025-05-21,23:33:52.78,2025-05-21T19:33:52.7861760-04:00,2025-05-21T23:33:52.7861760Z,YOR,SMD,BallCalled,Undefined,NoShift,96.02028,73.8549,144.70031,42.2634,96.47027,-60.95137,146.46383,-31.5096,232.82803,-130.79047,303.44296,-10.31746,255.52269,113.54117,"Tostado, Frankie",676762,"Miller, Jalen",663692,"Lewis, Brandon",686781,"Wehler, Jeffrey",694292,"Costes, Marty",664753,"Soularie, Alerick",669442,"Alleyne, Bubba",804588,true
148c6cb5-dbae-48e3-ade8-8ce29ce3e959,100,1ab9d5f0-369c-11f0-8588-19e3553c12b0,030acc55-02f3-4b5e-8b38-089a201988d3,2025-05-21,19:34:13.22,2025-05-21,23:34:13.22,2025-05-21T19:34:13.2290000-04:00,2025-05-21T23:34:13.2290000Z,YOR,SMD,StrikeSwinging,Undefined,NoShift,96.35349,74.76142,145.96863,40.06366,94.83752,-61.50243,146.28125,-30.35714,232.54659,-129.91681,305.20675,-9.65242,254.66608,113.47101,"Tostado, Frankie",676762,"Miller, Jalen",663692,"Lewis, Brandon",686781,"Wehler, Jeffrey",694292,"Costes, Marty",664753,"Soularie, Alerick",669442,"Alleyne, Bubba",804588,true
148c6cb5-dbae-48e3-ade8-8ce29ce3e959,101,2fca98d0-369c-11f0-8588-19e3553c12b0,c240973a-159a-4b44-bb59-e4d999d0a9b0,2025-05-21,19:34:48.43,2025-05-21,23:34:48.43,2025-05-21T19:34:48.4369920-04:00,2025-05-21T23:34:48.4369920Z,YOR,SMD,BallCalled,Undefined,NoShift,89.7809,57.62337,150.33959,29.71296,95.29969,-71.94557,140.15281,-43.8743,237.30848,-125.61973,308.48028,3.78813,250.33405,115.84973,"Tostado, Frankie",676762,"Miller, Jalen",663692,"Lewis, Brandon",686781,"Wehler, Jeffrey",694292,"Costes, Marty",664753,"Soularie, Alerick",669442,"Alleyne, Bubba",804588,true
148c6cb5-dbae-48e3-ade8-8ce29ce3e959,102,39da47d0-369c-11f0-8588-19e3553c12b0,9b705b3c-c2b1-4ed4-8648-d9f6f2fa7e41,2025-05-21,19:35:05.30,2025-05-21,23:35:05.30,2025-05-21T19:35:05.3049856-04:00,2025-05-21T23:35:05.3049856Z,YOR,SMD,FoulBallNotFieldable,Undefined,NoShift,88.84472,58.4271,150.09126,29.69893,95.91673,-71.73416,140.91438,-44.28197,238.32564,-125.69328,306.31821,2.43155,250.80627,118.78953,"Tostado, Frankie",676762,"Miller, Jalen",663692,"Lewis, Brandon",686781,"Wehler, Jeffrey",694292,"Costes, Marty",664753,"Soularie, Alerick",669442,"Alleyne, Bubba",804588,true
148c6cb5-dbae-48e3-ade8-8ce29ce3e959,103,4caf99a0-369c-11f0-8588-19e3553c12b0,2467ad6b-2b11-46a9-bd4d-ab3499b213f6,2025-05-21,19:35:36.89,2025-05-21,23:35:36.89,2025-05-21T19:35:36.8940544-04:00,2025-05-21T23:35:36.8940544Z,YOR,SMD,StrikeCalled,Undefined,NoShift,90.67514,58.49534,149.44583,33.41799,95.17893,-71.78606,142.32117,-42.21447,238.17251,-124.55515,306.6674,3.06047,249.73892,118.44032,"Tostado, Frankie",676762,"Miller, Jalen",663692,"Lewis, Brandon",686781,"Wehler, Jeffrey",694292,"Costes, Marty",664753,"Soularie, Alerick",669442,"Alleyne, Bubba",804588,true
148c6cb5-dbae-48e3-ade8-8ce29ce3e959,104,587499c0-369c-11f0-8588-19e3553c12b0,0ed6e67a-8d60-4182-bbf2-11628bd4284a,2025-05-21,19:35:56.77,2025-05-21,23:35:56.77,2025-05-21T19:35:56.7747584-04:00,2025-05-21T23:35:56.7747584Z,YOR,SMD,BallCalled,Undefined,NoShift,89.88449,57.72098,148.89569,32.93715,95.23627,-71.66094,142.45923,-42.92086,238.15925,-124.53673,307.88825,3.66606,253.03972,116.84427,"Tostado, Frankie",676762,"Miller, Jalen",663692,"Lewis, Brandon",686781,"Wehler, Jeffrey",694292,"Costes, Marty",664753,"Soularie, Alerick",669442,"Alleyne, Bubba",804588,true
148c6cb5-dbae-48e3-ade8-8ce29ce3e959,105,63f257b0-369c-11f0-8588-19e3553c12b0,66b2fd44-cd47-4566-8479-23e8f2335b86,2025-05-21,19:36:15.92,2025-05-21,23:36:15.92,2025-05-21T19:36:15.9268352-04:00,2025-05-21T23:36:15.9268352Z,YOR,SMD,FoulBallNotFieldable,Undefined,NoShift,90.27659,57.58404,149.03318,33.10684,95.11583,-71.10133,142.27214,-42.74168,237.52341,-123.95958,306.62169,4.36768,250.30025,116.31481,"Tostado, Frankie",676762,"Miller, Jalen",663692,"Lewis, Brandon",686781,"Wehler, Jeffrey",694292,"Costes, Marty",664753,"Soularie, Alerick",669442,"Alleyne, Bubba",804588,true
148c6cb5-dbae-48e3-ade8-8ce29ce3e959,106,70beb5b0-369c-11f0-8588-19e3553c12b0,17e422fa-704a-455c-a073-3392ae589145,2025-05-21,19:36:37.35,2025-05-21,23:36:37.35,2025-05-21T19:36:37.3570000-04:00,2025-05-21T23:36:37.3570000Z,YOR,SMD,StrikeSwinging,Undefined,NoShift,89.76869,58.0322,148.78182,33.51061,93.58185,-70.77558,140.98646,-43.6234,237.36465,-123.55065,306.37377,5.50643,248.74011,118.81005,"Tostado, Frankie",676762,"Miller, Jalen",663692,"Lewis, Brandon",686781,"Wehler, Jeffrey",694292,"Costes, Marty",664753,"Soularie, Alerick",669442,"Alleyne, Bubba",804588,true
148c6cb5-dbae-48e3-ade8-8ce29ce3e959,107,81277450-369c-11f0-8588-19e3553c12b0,382414ef-b5b0-4c76-8040-15a95273841e,2025-05-21,19:37:04.90,2025-05-21,23:37:04.90,2025-05-21T19:37:04.9080320-04:00,2025-05-21T23:37:04.9080320Z,YOR,SMD,FoulBallNotFieldable,Undefined,NoShift,88.66883,56.712,150.16135,28.51244,91.43993,-68.63448,141.40094,-43.60256,236.71578,-123.65436,308.90377,5.23607,246.14833,121.65357,"Tostado, Frankie",676762,"Miller, Jalen",663692,"Lewis, Brandon",686781,"Wehler, Jeffrey",694292,"Costes, Marty",664753,"Soularie, Alerick",669442,"Alleyne, Bubba",804588,true
148c6cb5-dbae-48e3-ade8-8ce29ce3e959,108,8cb42660-369c-11f0-8588-19e3553c12b0,ac7ff197-f19b-4e1f-ba90-8c3d3ed3c820,2025-05-21,19:37:24.30,2025-05-21,23:37:24.30,2025-05-21T19:37:24.3054592-04:00,2025-05-21T23:37:24.3054592Z,YOR,SMD,BallCalled,Undefined,NoShift,93.07727,56.33489,149.68988,29.91871,90.79176,-68.1102,141.67732,-42.67323,237.10818,-123.74013,307.88616,4.91464,246.30331,118.51151,"Tostado, Frankie",676762,"Miller, Jalen",663692,"Lewis, Brandon",686781,"Wehler, Jeffrey",694292,"Costes, Marty",664753,"Soularie, Alerick",669442,"Alleyne, Bubba",804588,true
148c6cb5-dbae-48e3-ade8-8ce29ce3e959,109,98bda990-369c-11f0-8588-19e3553c12b0,2daba804-f38b-4397-b056-e11214c06550,2025-05-21,19:37:44.66,2025-05-21,23:37:44.66,2025-05-21T19:37:44.6698496-04:00,2025-05-21T23:37:44.6698496Z,YOR,SMD,BallCalled,Undefined,NoShift,91.94205,57.61615,150.09651,30.36732,91.59721,-68.95015,141.97356,-42.7866,235.02919,-123.80012,308.09061,5.80477,248.83087,117.305,"Tostado, Frankie",676762,"Miller, Jalen",663692,"Lewis, Brandon",686781,"Wehler, Jeffrey",694292,"Costes, Marty",664753,"Soularie, Alerick",669442,"Alleyne, Bubba",804588,true
148c6cb5-dbae-48e3-ade8-8ce29ce3e959,110,a356d3e0-369c-11f0-8588-19e3553c12b0,e549ba8a-e58f-45ff-ac92-01fa692dc57d,2025-05-21,19:38:02.25,2025-05-21,23:38:02.25,2025-05-21T19:38:02.2555648-04:00,2025-05-21T23:38:02.2555648Z,YOR,SMD,InPlay,Out,NoShift,92.30089,58.50536,149.94743,30.51981,91.98173,-69.09124,141.44007,-42.78907,235.97173,-123.85571,308.13946,6.17428,248.91481,117.66406,"Tostado, Frankie",676762,"Miller, Jalen",663692,"Lewis, Brandon",686781,"Wehler, Jeffrey",694292,"Costes, Marty",664753,"Soularie, Alerick",669442,"Alleyne, Bubba",804588,true
148c6cb5-dbae-48e3-ade8-8ce29ce3e959,111,08d46cf0-369d-11f0-8588-19e3553c12b0,5770cdae-8a4c-4a74-afd6-2af3e2d302c6,2025-05-21,19:40:52.58,2025-05-21,23:40:52.58,2025-05-21T19:40:52.5881856-04:00,2025-05-21T23:40:52.5881856Z,SMD,YOR,StrikeCalled,Undefined,NoShift,95.07651,59.81163,146.77452,31.25367,73.40174,-52.65769,134.74051,-39.87179,244.79614,-117.8122,304.39769,12.17395,250.22022,130.95156,"Barrera, Brett",686941,"Taylor, John",10923412,"Loftin, Jackson",699816,"Dexter, Sam",670448,"De Aza, Alejandro",457477,"DiGiacomo, Giovanni",681029,"Wilson, Ethan",681159,true
148c6cb5-dbae-48e3-ade8-8ce29ce3e959,112,12b061c0-369d-11f0-8588-19e3553c12b0,f5d16012-ef8f-419b-a817-920f782f245c,2025-05-21,19:41:09.25,2025-05-21,23:41:09.25,2025-05-21T19:41:09.2505600-04:00,2025-05-21T23:41:09.2505600Z,SMD,YOR,StrikeSwinging,Undefined,NoShift,96.22376,60.40444,146.2924,30.485,73.71069,-52.92829,133.97207,-39.43988,243.72673,-116.99597,296.15778,12.3582,249.93909,130.89495,"Barrera, Brett",686941,"Taylor, John",10923412,"Loftin, Jackson",699816,"Dexter, Sam",670448,"De Aza, Alejandro",457477,"DiGiacomo, Giovanni",681029,"Wilson, Ethan",681159,true
148c6cb5-dbae-48e3-ade8-8ce29ce3e959,113,1e0d9f60-369d-11f0-8588-19e3553c12b0,c154c402-8c8c-4d10-930c-b484c2522f03,2025-05-21,19:41:28.31,2025-05-21,23:41:28.31,2025-05-21T19:41:28.3153408-04:00,2025-05-21T23:41:28.3153408Z,SMD,YOR,BallCalled,Undefined,NoShift,95.30509,60.58046,144.73887,33.38599,90.84108,-69.43698,132.62223,-41.51226,241.09766,-113.83629,298.91247,12.48873,247.3274,133.55102,"Barrera, Brett",686941,"Taylor, John",10923412,"Loftin, Jackson",699816,"Dexter, Sam",670448,"De Aza, Alejandro",457477,"DiGiacomo, Giovanni",681029,"Wilson, Ethan",681159,true
148c6cb5-dbae-48e3-ade8-8ce29ce3e959,114,29cfb950-369d-11f0-8588-19e3553c12b0,ae54df6d-eb1f-4b56-a948-215d29ad55b6,2025-05-21,19:41:47.87,2025-05-21,23:41:47.87,2025-05-21T19:41:47.8730240-04:00,2025-05-21T23:41:47.8730240Z,SMD,YOR,BallCalled,Undefined,NoShift,96.23579,61.27794,145.7608,32.05924,91.46983,-71.15063,135.09492,-41.26986,239.29056,-112.35431,299.72715,13.75574,246.24411,132.97271,"Barrera, Brett",686941,"Taylor, John",10923412,"Loftin, Jackson",699816,"Dexter, Sam",670448,"De Aza, Alejandro",457477,"DiGiacomo, Giovanni",681029,"Wilson, Ethan",681159,true
148c6cb5-dbae-48e3-ade8-8ce29ce3e959,115,3693b2e0-369d-11f0-8588-19e3553c12b0,da374391-b878-44f6-94f9-91fd32b8ddc6,2025-05-21,19:42:09.22,2025-05-21,23:42:09.22,2025-05-21T19:42:09.2256768-04:00,2025-05-21T23:42:09.2256768Z,SMD,YOR,BallCalled,Undefined,NoShift,95.6449,61.45364,145.15114,31.98194,92.99087,-71.64443,133.78449,-41.01582,244.10309,-113.63932,301.0378,12.70943,244.49348,133.71461,"Barrera, Brett",686941,"Taylor, John",10923412,"Loftin, Jackson",699816,"Dexter, Sam",670448,"De Aza, Alejandro",457477,"DiGiacomo, Giovanni",681029,"Wilson, Ethan",681159,true
148c6cb5-dbae-48e3-ade8-8ce29ce3e959,116,414c9a30-369d-11f0-8588-19e3553c12b0,ad7891dd-49e2-4f3e-9da3-14934186f2e6,2025-05-21,19:42:27.43,2025-05-21,23:42:27.43,2025-05-21T19:42:27.4343424-04:00,2025-05-21T23:42:27.4343424Z,SMD,YOR,BallCalled,Undefined,NoShift,95.29491,61.36772,146.01908,31.36182,92.51239,-72.67885,134.77049,-40.89903,247.6968,-112.46196,302.76588,13.1188,245.17749,133.07368,"Barrera, Brett",686941,"Taylor, John",10923412,"Loftin, Jackson",699816,"Dexter, Sam",670448,"De Aza, Alejandro",457477,"DiGiacomo, Giovanni",681029,"Wilson, Ethan",681159,true
148c6cb5-dbae-48e3-ade8-8ce29ce3e959,117,59ade7a0-369d-11f0-8588-19e3553c12b0,fe68e8ac-cef2-4bab-9b79-091a51543939,2025-05-21,19:43:08.17,2025-05-21,23:43:08.17,2025-05-21T19:43:08.1731072-04:00,2025-05-21T23:43:08.1731072Z,SMD,YOR,BallCalled,Undefined,NoShift,64.75752,60.78569,148.33015,22.90551,86.89669,-67.48968,131.31033,-37.28791,246.10197,-114.9483,301.67609,11.52879,244.90647,133.84439,"Barrera, Brett",686941,"Taylor, John",10923412,"Loftin, Jackson",699816,"Dexter, Sam",670448,"De Aza, Alejandro",457477,"DiGiacomo, Giovanni",681029,"Wilson, Ethan",681159,true
148c6cb5-dbae-48e3-ade8-8ce29ce3e959,118,664552f0-369d-11f0-8588-19e3553c12b0,ef8d0146-f8ee-486b-bdfd-c71f9c0401a6,2025-05-21,19:43:29.44,2025-05-21,23:43:29.44,2025-05-21T19:43:29.4417920-04:00,2025-05-21T23:43:29.4417920Z,SMD,YOR,BallCalled,Undefined,NoShift,65.42014,59.75772,148.75573,24.6039,87.43032,-66.88133,129.48651,-36.09844,247.778,-113.81793,302.54952,12.28685,249.17789,135.38011,"Barrera, Brett",686941,"Taylor, John",10923412,"Loftin, Jackson",699816,"Dexter, Sam",670448,"De Aza, Alejandro",457477,"DiGiacomo, Giovanni",681029,"Wilson, Ethan",681159,true
148c6cb5-dbae-48e3-ade8-8ce29ce3e959,119,76074a40-369d-11f0-8588-19e3553c12b0,1a6cc7ed-d5be-4fdb-ba8e-92d35c0ecca7,2025-05-21,19:43:55.87,2025-05-21,23:43:55.87,2025-05-21T19:43:55.8761984-04:00,2025-05-21T23:43:55.8761984Z,SMD,YOR,BallCalled,Undefined,NoShift,65.42763,59.54876,148.69025,25.32688,88.10901,-70.31649,130.4071,-37.32811,250.43166,-112.32872,305.94374,12.04606,246.98905,134.9302,"Barrera, Brett",686941,"Taylor, John",10923412,"Loftin, Jackson",699816,"Dexter, Sam",670448,"De Aza, Alejandro",457477,"DiGiacomo, Giovanni",681029,"Wilson, Ethan",681159,true
148c6cb5-dbae-48e3-ade8-8ce29ce3e959,120,81ba21f0-369d-11f0-8588-19e3553c12b0,ba0753e0-684c-482c-b923-4b73cc418d0d,2025-05-21,19:44:15.54,2025-05-21,23:44:15.54,2025-05-21T19:44:15.5499008-04:00,2025-05-21T23:44:15.5499008Z,SMD,YOR,BallCalled,Undefined,NoShift,65.55992,60.27361,150.22515,25.83518,90.27454,-70.47548,130.31672,-37.06357,248.43618,-113.7813,302.13334,12.3847,256.31707,140.709,"Barrera, Brett",686941,"Taylor, John",10923412,"Loftin, Jackson",699816,"Dexter, Sam",670448,"De Aza, Alejandro",457477,"DiGiacomo, Giovanni",681029,"Wilson, Ethan",681159,true
148c6cb5-dbae-48e3-ade8-8ce29ce3e959,121,949fa060-369d-11f0-8588-19e3553c12b0,3a866c49-4993-4d99-9657-c398e082df81,2025-05-21,19:44:47.09,2025-05-21,23:44:47.09,2025-05-21T19:44:47.0909952-04:00,2025-05-21T23:44:47.0909952Z,SMD,YOR,InPlay,Out,NoShift,94.92635,70.488,139.56252,41.8359,83.64072,-60.60554,141.98681,-15.2775,230.38519,-117.10961,307.15398,14.3151,249.08659,150.09052,"Barrera, Brett",686941,"Taylor, John",10923412,"Loftin, Jackson",699816,"Dexter, Sam",670448,"De Aza, Alejandro",457477,"DiGiacomo, Giovanni",681029,"Wilson, Ethan",681159,true
148c6cb5-dbae-48e3-ade8-8ce29ce3e959,122,a968abe0-369d-11f0-8588-19e3553c12b0,8c61b30a-d785-4936-97b7-f3f5bde39542,2025-05-21,19:45:21.94,2025-05-21,23:45:21.94,2025-05-21T19:45:21.9488256-04:00,2025-05-21T23:45:21.9488256Z,SMD,YOR,BallCalled,Undefined,NoShift,94.15798,61.10055,142.94933,17.57148,80.0619,-60.93825,138.10013,-38.46683,235.69473,-118.75291,302.35067,11.32534,245.24431,140.64301,"Barrera, Brett",686941,"Taylor, John",10923412,"Loftin, Jackson",699816,"Dexter, Sam",670448,"De Aza, Alejandro",457477,"DiGiacomo, Giovanni",681029,"Wilson, Ethan",681159,true
148c6cb5-dbae-48e3-ade8-8ce29ce3e959,123,b2b92990-369d-11f0-8588-19e3553c12b0,353b07ca-f616-4ad6-a74e-69c1173d5d2c,2025-05-21,19:45:37.59,2025-05-21,23:45:37.59,2025-05-21T19:45:37.5920640-04:00,2025-05-21T23:45:37.5920640Z,SMD,YOR,InPlay,Single,NoShift,94.9198,59.0485,140.5277,15.97881,82.7068,-61.66263,129.79873,-35.98615,229.85171,-118.47493,298.94209,11.88669,241.11607,137.84744,"Barrera, Brett",686941,"Taylor, John",10923412,"Loftin, Jackson",699816,"Dexter, Sam",670448,"De Aza, Alejandro",457477,"DiGiacomo, Giovanni",681029,"Wilson, Ethan",681159,true
148c6cb5-dbae-48e3-ade8-8ce29ce3e959,124,d0944a30-369d-11f0-8588-19e3553c12b0,f5ac3ffe-43fd-4808-8197-e99786a76f4e,2025-05-21,19:46:27.66,2025-05-21,23:46:27.66,2025-05-21T19:46:27.6689408-04:00,2025-05-21T23:46:27.6689408Z,SMD,YOR,FoulBallNotFieldable,Undefined,NoShift,97.61922,59.35835,144.71635,17.69174,88.21376,-67.76348,129.99293,-38.58635,229.2491,-121.99809,308.93833,15.91041,248.23197,139.34023,"Barrera, Brett",686941,"Taylor, John",10923412,"Loftin, Jackson",699816,"Dexter, Sam",670448,"De Aza, Alejandro",457477,"DiGiacomo, Giovanni",681029,"Wilson, Ethan",681159,true
148c6cb5-dbae-48e3-ade8-8ce29ce3e959,125,ddf9daf0-369d-11f0-8588-19e3553c12b0,5112b551-c0eb-4774-b2c7-e87ce1a4d0a1,2025-05-21,19:46:50.19,2025-05-21,23:46:50.19,2025-05-21T19:46:50.1959680-04:00,2025-05-21T23:46:50.1959680Z,SMD,YOR,InPlay,Out,NoShift,98.15983,59.8379,141.28764,18.83192,88.29125,-66.7302,131.02857,-38.71872,230.00559,-120.41846,310.5385,15.95523,245.48249,139.11856,"Barrera, Brett",686941,"Taylor, John",10923412,"Loftin, Jackson",699816,"Dexter, Sam",670448,"De Aza, Alejandro",457477,"DiGiacomo, Giovanni",681029,"Wilson, Ethan",681159,true
148c6cb5-dbae-48e3-ade8-8ce29ce3e959,126,f48493a0-369d-11f0-8588-19e3553c12b0,793e3a80-3456-49f4-a471-733e51b00579,2025-05-21,19:47:28.03,2025-05-21,23:47:28.03,2025-05-21T19:47:28.0399872-04:00,2025-05-21T23:47:28.0399872Z,SMD,YOR,StrikeSwinging,Undefined,NoShift,102.84941,58.46893,144.52856,17.8773,89.08535,-69.18195,134.65145,-41.96907,231.62819,-119.5064,310.11727,16.76181,244.99951,130.72998,"Barrera, Brett",686941,"Taylor, John",10923412,"Loftin, Jackson",699816,"Dexter, Sam",670448,"De Aza, Alejandro",457477,"DiGiacomo, Giovanni",681029,"Wilson, Ethan",681159,true
148c6cb5-dbae-48e3-ade8-8ce29ce3e959,127,001b7ee0-369e-11f0-8588-19e3553c12b0,61b7bc68-f352-4588-bb45-cf61c2f1604f,2025-05-21,19:47:47.57,2025-05-21,23:47:47.57,2025-05-21T19:47:47.5771392-04:00,2025-05-21T23:47:47.5771392Z,SMD,YOR,BallCalled,Undefined,NoShift,101.97324,58.79075,140.92402,15.62257,85.24815,-68.04116,132.79036,-42.04071,232.73699,-117.9118,308.91175,17.16449,246.61021,131.36235,"Barrera, Brett",686941,"Taylor, John",10923412,"Loftin, Jackson",699816,"Dexter, Sam",670448,"De Aza, Alejandro",457477,"DiGiacomo, Giovanni",681029,"Wilson, Ethan",681159,true
148c6cb5-dbae-48e3-ade8-8ce29ce3e959,128,0f354f50-369e-11f0-8588-19e3553c12b0,37589e41-5f03-400e-be55-17f86e5fb516,2025-05-21,19:48:12.75,2025-05-21,23:48:12.75,2025-05-21T19:48:12.7543296-04:00,2025-05-21T23:48:12.7543296Z,SMD,YOR,StrikeCalled,Undefined,NoShift,102.54702,59.31353,141.99851,18.24652,87.30263,-66.85252,133.13588,-41.73133,231.76283,-118.60568,301.13467,15.06616,246.90661,132.10144,"Barrera, Brett",686941,"Taylor, John",10923412,"Loftin, Jackson",699816,"Dexter, Sam",670448,"De Aza, Alejandro",457477,"DiGiacomo, Giovanni",681029,"Wilson, Ethan",681159,true
148c6cb5-dbae-48e3-ade8-8ce29ce3e959,129,20da5e80-369e-11f0-8588-19e3553c12b0,1b6d5564-6581-48cf-9b9c-ab01ba20e382,2025-05-21,19:48:42.51,2025-05-21,23:48:42.51,2025-05-21T19:48:42.5135616-04:00,2025-05-21T23:48:42.5135616Z,SMD,YOR,StrikeSwinging,Undefined,NoShift,102.27049,59.49847,148.96367,20.55204,87.7972,-68.27513,131.7618,-41.26893,232.0083,-118.42313,301.70672,14.6262,245.32757,128.20823,"Barrera, Brett",686941,"Taylor, John",10923412,"Loftin, Jackson",699816,"Dexter, Sam",670448,"De Aza, Alejandro",457477,"DiGiacomo, Giovanni",681029,"Wilson, Ethan",681159,true